student_id,exam_date,grade_level,subject,score,attendance_pct,study_hours_daily,letter_grade
S2000,2025-02-03,Grade 11,Physics,60.9,,,C
S2001,2025-02-03,Grade 10,Physics,37.1,64.7,2.1,D
S2002,2025-02-03,Grade 9,Math,65.8,99.3,2.0,B
S2003,2025-02-03,Grade 10,Biology,59.0,92.0,2.8,C
S2004,2025-02-03,Grade 9,Math,72.4,95.9,4.2,B
S2005,2025-02-03,Grade 10,Biology,62.0,63.3,3.2,C
S2006,2025-02-03,Grade 9,Biology,46.9,74.9,2.4,D
S2007,2025-02-03,Grade 11,Chemistry,86.1,79.7,3.4,A
S2008,2025-02-03,Grade 12,Math,55.1,72.4,3.4,C
S2009,2025-02-03,Grade 9,Math,66.1,65.9,2.1,B
S2010,2025-02-03,Grade 11,Chemistry,72.5,96.9,2.1,B
S2011,2025-02-03,Grade 9,Math,62.3,60.5,3.5,C
S2012,2025-02-03,Grade 12,Chemistry,42.4,65.3,2.5,D
S2013,2025-02-03,Grade 9,Physics,63.5,80.9,4.3,C
S2014,2025-02-03,Grade 11,Biology,71.6,98.1,2.9,B
S2015,2025-02-10,Grade 11,Chemistry,76.6,76.7,2.5,B
S2016,2025-02-10,Grade 9,English,100,99.0,5.7,A
S2017,2025-02-10,Grade 9,Math,45.8,62.0,3.0,D
S2018,2025-02-10,Grade 9,Chemistry,81.0,66.5,2.8,A
S2019,2025-02-10,Grade 10,Math,73.2,88.5,3.5,B
S2020,2025-02-10,Grade 11,Physics,81.3,77.5,4.7,A
S2021,2025-02-10,Grade 12,Biology,47.9,61.0,0.8,D
S2022,2025-02-10,Grade 12,Chemistry,53.3,90.3,4.4,C
S2023,2025-02-10,Grade 12,Physics,60.1,90.3,4.2,C
S2024,2025-02-10,Grade 12,Math,69.7,65.7,4.2,B
S2025,2025-02-10,Grade 9,Chemistry,52.9,76.5,2.3,C
S2026,2025-02-10,Grade 12,Biology,38.5,85.7,2.7,D
S2027,2025-02-10,Grade 9,Biology,71.8,98.9,3.1,B
S2028,2025-02-10,Grade 9,English,69.4,99.7,4.0,B
S2029,2025-02-10,Grade 11,English,74.8,86.8,,B
S2030,2025-02-17,Grade 12,English,42.9,62.9,1.0,D
S2031,2025-02-17,Grade 9,Physics,47.0,88.6,2.7,D
S2032,2025-02-17,Grade 9,Math,67.2,84.4,3.5,B
S2033,2025-02-17,Grade 11,English,57.3,97.9,2.0,C
S2034,2025-02-17,Grade 11,English,58.8,60.6,2.0,C
S2035,2025-02-17,Grade 10,English,56.5,85.4,3.2,C
S2036,2025-02-17,Grade 12,Biology,60.1,72.7,2.3,C
S2037,2025-02-17,Grade 12,Math,62.2,94.1,2.0,C
S2038,2025-02-17,Grade 9,Math,48.7,68.1,3.6,D
S2039,2025-02-17,Grade 9,Chemistry,32.2,66.7,0.1,D
S2040,2025-02-17,Grade 9,English,57.1,79.2,2.6,C
S2041,2025-02-17,Grade 9,Biology,51.1,81.3,3.0,C
S2042,2025-02-17,Grade 11,Physics,68.0,72.4,2.8,B
S2043,2025-02-17,Grade 11,Biology,59.9,71.7,2.4,C
S2044,2025-02-17,Grade 11,Chemistry,65.2,75.1,3.2,B
S2045,2025-02-24,Grade 12,English,60.0,92.6,3.0,C
S2046,2025-02-24,Grade 11,Math,36.0,82.2,2.8,D
S2047,2025-02-24,Grade 9,English,35.6,73.4,1.6,D
S2048,2025-02-24,Grade 11,Biology,98.1,77.2,4.0,A
S2049,2025-02-24,Grade 11,Math,59.8,78.3,4.1,C
S2050,2025-02-24,Grade 10,Physics,93.1,99.7,3.9,A
S2051,2025-02-24,Grade 11,Biology,87.6,62.7,3.2,A
S2052,2025-02-24,Grade 10,Chemistry,98.5,90.7,5.7,A
S2053,2025-02-24,Grade 11,Chemistry,75.8,67.6,1.8,B
S2054,2025-02-24,Grade 9,Physics,49.9,73.0,1.7,D
S2055,2025-02-24,Grade 10,Physics,68.3,71.8,4.4,B
S2056,2025-02-24,Grade 11,Physics,48.2,75.7,2.2,D
S2057,2025-02-24,Grade 10,Physics,51.1,62.0,0.4,C
S2058,2025-02-24,Grade 12,English,58.5,69.1,,C
S2059,2025-02-24,Grade 9,Math,63.1,93.3,1.8,C
S2060,2025-03-03,Grade 12,English,51.7,90.2,2.6,C
S2061,2025-03-03,Grade 11,Physics,63.4,,2.0,C
S2062,2025-03-03,Grade 11,Chemistry,53.5,67.0,1.3,C
S2063,2025-03-03,Grade 12,English,40.8,70.9,2.1,D
S2064,2025-03-03,Grade 9,Physics,62.6,88.8,3.2,C
S2065,2025-03-03,Grade 12,English,50.3,98.0,3.4,C
S2066,2025-03-03,Grade 9,Biology,41.4,67.3,3.4,D
S2067,2025-03-03,Grade 10,English,60.1,93.6,2.7,C
S2068,2025-03-03,Grade 9,Chemistry,56.5,84.9,4.1,C
S2069,2025-03-03,Grade 11,Math,50.5,61.1,2.0,C
S2070,2025-03-03,Grade 10,Math,32.7,74.9,1.4,D
S2071,2025-03-03,Grade 11,Physics,74.7,86.0,2.8,B
S2072,2025-03-03,Grade 9,Chemistry,26.3,62.7,1.6,D
S2073,2025-03-03,Grade 12,Biology,62.6,72.6,3.6,C
S2074,2025-03-03,Grade 12,Chemistry,48.3,61.8,3.7,D
S2075,2025-03-10,Grade 10,Physics,58.3,86.6,3.5,C
S2076,2025-03-10,Grade 12,English,35.8,74.7,3.4,D
S2077,2025-03-10,Grade 11,English,52.5,67.4,2.1,C
S2078,2025-03-10,Grade 9,Chemistry,78.4,97.5,3.0,B
S2079,2025-03-10,Grade 10,Physics,73.0,95.8,3.0,B
S2080,2025-03-10,Grade 10,Biology,58.7,71.0,2.0,C
S2081,2025-03-10,Grade 12,Physics,83.2,98.3,5.3,A
S2082,2025-03-10,Grade 10,Biology,68.4,74.5,3.8,B
S2083,2025-03-10,Grade 12,Math,37.9,76.2,0.5,D
S2084,2025-03-10,Grade 10,English,57.8,61.8,3.7,C
S2085,2025-03-10,Grade 11,Biology,64.5,61.7,3.0,C
S2086,2025-03-10,Grade 9,Math,57.2,64.1,2.7,C
S2087,2025-03-10,Grade 11,Math,49.5,65.8,,D
S2088,2025-03-10,Grade 10,Math,68.0,89.3,3.0,B
S2089,2025-03-10,Grade 12,Math,67.3,87.3,2.7,B
S2090,2025-03-17,Grade 11,English,3.0,99.1,0.6,D
S2091,2025-03-17,Grade 12,Physics,65.5,84.7,3.5,B
S2092,2025-03-17,Grade 12,Math,50.1,67.6,2.7,C
S2093,2025-03-17,Grade 10,English,50.6,67.3,1.1,C
S2094,2025-03-17,Grade 10,Chemistry,65.7,88.7,6.8,B
S2095,2025-03-17,Grade 10,English,68.2,90.3,3.4,B
S2096,2025-03-17,Grade 9,Physics,78.3,80.9,2.4,B
S2097,2025-03-17,Grade 9,Chemistry,53.9,70.5,2.5,C
S2098,2025-03-17,Grade 11,Biology,65.9,86.3,5.4,B
S2099,2025-03-17,Grade 9,Biology,57.1,60.7,0.3,C
S2100,2025-03-17,Grade 10,Biology,25.6,78.7,1.9,D
S2101,2025-03-17,Grade 12,Math,72.4,73.5,2.2,B
S2102,2025-03-17,Grade 12,Physics,67.7,94.0,1.7,B
S2103,2025-03-17,Grade 12,Chemistry,71.4,87.2,3.6,B
S2104,2025-03-17,Grade 10,Math,47.8,74.3,3.6,D
S2105,2025-03-24,Grade 9,Math,30.9,82.1,1.2,D
S2106,2025-03-24,Grade 10,Biology,32.3,77.5,1.4,D
S2107,2025-03-24,Grade 10,Biology,57.9,79.1,2.2,C
S2108,2025-03-24,Grade 9,Math,46.8,87.2,1.9,D
S2109,2025-03-24,Grade 9,Chemistry,53.2,63.3,3.6,C
S2110,2025-03-24,Grade 12,English,94.0,94.6,4.7,A
S2111,2025-03-24,Grade 11,Chemistry,55.8,64.8,1.9,C
S2112,2025-03-24,Grade 9,Biology,54.4,65.2,3.1,C
S2113,2025-03-24,Grade 9,Math,63.1,98.7,3.2,C
S2114,2025-03-24,Grade 9,English,47.1,75.2,1.5,D
S2115,2025-03-24,Grade 11,Math,62.5,72.9,2.2,C
S2116,2025-03-24,Grade 10,Math,66.7,85.1,,B
S2117,2025-03-24,Grade 12,English,69.2,74.2,4.6,B
S2118,2025-03-24,Grade 12,Biology,70.6,85.4,2.5,B
S2119,2025-03-24,Grade 12,Math,72.4,79.6,2.8,B
S2120,2025-03-31,Grade 11,English,69.8,72.1,2.7,B
S2121,2025-03-31,Grade 11,Chemistry,69.9,76.5,2.5,B
S2122,2025-03-31,Grade 9,Biology,75.3,,5.4,B
S2123,2025-03-31,Grade 9,Chemistry,34.1,88.2,2.2,D
S2124,2025-03-31,Grade 9,Math,46.2,60.9,2.2,D
S2125,2025-03-31,Grade 10,Physics,50.6,92.9,1.8,C
S2126,2025-03-31,Grade 11,English,51.0,80.1,3.9,C
S2127,2025-03-31,Grade 10,Math,50.0,85.4,2.4,C
S2128,2025-03-31,Grade 10,Physics,76.2,99.1,3.4,B
S2129,2025-03-31,Grade 12,Chemistry,72.6,77.9,4.0,B
S2130,2025-03-31,Grade 10,Math,58.7,79.9,3.8,C
S2131,2025-03-31,Grade 12,Biology,58.6,61.7,1.2,C
S2132,2025-03-31,Grade 12,Biology,81.6,97.4,3.7,A
S2133,2025-03-31,Grade 10,Chemistry,73.2,98.1,5.5,B
S2134,2025-03-31,Grade 9,English,85.2,96.6,4.5,A
S2135,2025-04-07,Grade 12,English,75.3,74.5,2.4,B
S2136,2025-04-07,Grade 12,Physics,44.5,83.3,3.5,D
S2137,2025-04-07,Grade 12,English,71.4,85.3,5.1,B
S2138,2025-04-07,Grade 10,English,70.7,76.6,3.0,B
S2139,2025-04-07,Grade 10,Physics,83.0,95.0,3.6,A
S2140,2025-04-07,Grade 11,Math,59.1,85.7,2.3,C
S2141,2025-04-07,Grade 11,Biology,70.4,62.6,4.2,B
S2142,2025-04-07,Grade 12,Biology,61.0,84.8,0.6,C
S2143,2025-04-07,Grade 11,Chemistry,44.0,79.2,2.8,D
S2144,2025-04-07,Grade 9,Biology,63.2,68.0,3.9,C
S2145,2025-04-07,Grade 9,English,47.7,60.5,,D
S2146,2025-04-07,Grade 12,Physics,61.4,79.6,3.3,C
S2147,2025-04-07,Grade 11,Biology,58.5,87.3,2.4,C
S2148,2025-04-07,Grade 10,Physics,61.4,96.9,2.0,C
S2149,2025-04-07,Grade 9,Physics,33.1,67.6,1.1,D
S2150,2025-04-14,Grade 10,Math,65.4,70.3,2.3,B
S2151,2025-04-14,Grade 10,Chemistry,70.3,69.6,2.2,B
S2152,2025-04-14,Grade 10,Math,56.2,75.4,4.0,C
S2153,2025-04-14,Grade 9,Math,79.0,94.0,4.4,B
S2154,2025-04-14,Grade 10,Biology,71.5,88.2,3.0,B
S2155,2025-04-14,Grade 12,Chemistry,54.8,82.0,1.9,C
S2156,2025-04-14,Grade 11,Biology,82.2,92.7,2.3,A
S2157,2025-04-14,Grade 10,Math,47.4,63.2,3.1,D
S2158,2025-04-14,Grade 12,Chemistry,71.8,99.4,4.2,B
S2159,2025-04-14,Grade 10,Physics,51.2,99.2,1.7,C
S2160,2025-04-14,Grade 12,Math,85.8,98.4,3.2,A
S2161,2025-04-14,Grade 10,Biology,74.8,99.0,4.4,B
S2162,2025-04-14,Grade 9,Physics,89.7,91.1,4.1,A
S2163,2025-04-14,Grade 9,Biology,74.0,70.3,2.0,B
S2164,2025-04-14,Grade 11,Math,48.9,68.5,2.8,D
S2165,2025-04-21,Grade 9,Chemistry,42.9,86.2,1.3,D
S2166,2025-04-21,Grade 10,Biology,46.4,65.1,3.6,D
S2167,2025-04-21,Grade 9,Chemistry,47.3,92.9,3.7,D
S2168,2025-04-21,Grade 9,Physics,45.9,69.9,1.6,D
S2169,2025-04-21,Grade 12,Physics,45.0,96.2,3.0,D
S2170,2025-04-21,Grade 10,Math,56.6,95.3,4.2,C
S2171,2025-04-21,Grade 12,Math,41.7,70.8,4.0,D
S2172,2025-04-21,Grade 12,Math,73.9,97.0,3.2,B
S2173,2025-04-21,Grade 10,Chemistry,68.4,91.5,1.7,B
S2174,2025-04-21,Grade 9,Chemistry,62.8,81.4,,C
S2175,2025-04-21,Grade 12,English,55.1,64.5,2.5,C
S2176,2025-04-21,Grade 10,Math,53.7,87.1,1.3,C
S2177,2025-04-21,Grade 11,Math,64.4,96.0,5.0,C
S2178,2025-04-21,Grade 12,Chemistry,66.0,95.1,3.5,B
S2179,2025-04-21,Grade 12,Math,35.7,77.8,1.7,D
S2180,2025-04-28,Grade 10,Math,69.6,77.2,2.0,B
S2181,2025-04-28,Grade 9,Biology,41.9,62.7,0.6,D
S2182,2025-04-28,Grade 9,English,63.0,99.0,4.0,C
S2183,2025-04-28,Grade 11,Math,48.8,,3.6,D
S2184,2025-04-28,Grade 12,Biology,60.2,92.5,2.7,C
S2185,2025-04-28,Grade 10,English,68.7,88.5,1.6,B
S2186,2025-04-28,Grade 10,Math,70.3,69.8,3.2,B
S2187,2025-04-28,Grade 10,Math,66.3,74.5,4.0,B
S2188,2025-04-28,Grade 11,English,59.3,71.9,2.8,C
S2189,2025-04-28,Grade 10,Biology,77.1,77.4,2.9,B
S2190,2025-04-28,Grade 12,Biology,62.5,76.2,3.7,C
S2191,2025-04-28,Grade 11,Chemistry,78.5,80.0,2.7,B
S2192,2025-04-28,Grade 9,Physics,45.7,65.2,1.1,D
S2193,2025-04-28,Grade 12,Math,72.5,73.3,2.7,B
S2194,2025-04-28,Grade 12,Math,86.7,87.8,4.2,A
S2195,2025-05-05,Grade 10,Biology,72.4,99.1,3.4,B
S2196,2025-05-05,Grade 10,English,90.5,79.6,4.6,A
S2197,2025-05-05,Grade 10,Physics,40.1,65.2,2.9,D
S2198,2025-05-05,Grade 10,English,76.8,66.4,2.3,B
S2199,2025-05-05,Grade 10,English,72.6,72.6,2.2,B
S2200,2025-05-05,Grade 12,Math,78.1,65.4,3.3,B
S2201,2025-05-05,Grade 11,Math,46.5,78.2,2.6,D
S2202,2025-05-05,Grade 11,Biology,41.2,74.6,3.7,D
S2203,2025-05-05,Grade 9,Chemistry,43.9,62.7,,D
S2204,2025-05-05,Grade 12,Biology,80.5,71.6,1.4,A
S2205,2025-05-05,Grade 10,Physics,76.0,86.5,2.5,B
S2206,2025-05-05,Grade 9,Biology,46.9,68.5,2.5,D
S2207,2025-05-05,Grade 12,English,78.9,86.5,5.4,B
S2208,2025-05-05,Grade 9,Biology,50.5,75.9,2.3,C
S2209,2025-05-05,Grade 12,English,75.1,97.2,4.2,B
S2210,2025-05-12,Grade 9,English,88.7,96.0,5.1,A
S2211,2025-05-12,Grade 10,Physics,64.9,62.5,2.9,C
S2212,2025-05-12,Grade 12,Biology,76.6,84.5,3.6,B
S2213,2025-05-12,Grade 12,Math,57.8,97.8,0.9,C
S2214,2025-05-12,Grade 10,Physics,66.8,86.3,3.7,B
S2215,2025-05-12,Grade 9,English,73.3,97.4,2.8,B
S2216,2025-05-12,Grade 10,Biology,66.6,94.9,3.8,B
S2217,2025-05-12,Grade 12,Math,99.0,95.2,5.4,A
S2218,2025-05-12,Grade 9,Chemistry,57.9,71.1,3.2,C
S2219,2025-05-12,Grade 11,Math,57.3,61.6,1.8,C
S2220,2025-05-12,Grade 11,Chemistry,38.7,68.3,1.6,D
S2221,2025-05-12,Grade 10,Biology,73.6,66.5,3.2,B
S2222,2025-05-12,Grade 10,Physics,76.9,99.4,2.9,B
S2223,2025-05-12,Grade 10,English,67.6,94.5,2.2,B
S2224,2025-05-12,Grade 10,Math,74.9,65.5,3.5,B
S2225,2025-05-19,Grade 10,English,76.2,80.5,3.1,B
S2226,2025-05-19,Grade 11,Physics,23.2,67.6,0.0,D
S2227,2025-05-19,Grade 9,Biology,67.0,91.0,3.8,B
S2228,2025-05-19,Grade 9,Biology,48.6,74.9,2.0,D
S2229,2025-05-19,Grade 10,Biology,96.6,98.6,3.2,A
S2230,2025-05-19,Grade 10,Physics,38.0,73.6,2.6,D
S2231,2025-05-19,Grade 9,Chemistry,55.6,86.9,3.1,C
S2232,2025-05-19,Grade 9,Math,84.7,82.0,,A
S2233,2025-05-19,Grade 11,English,85.5,92.5,4.5,A
S2234,2025-05-19,Grade 10,English,46.6,83.4,2.7,D
S2235,2025-05-19,Grade 11,English,61.8,70.0,2.6,C
S2236,2025-05-19,Grade 11,Biology,55.7,96.0,0.7,C
S2237,2025-05-19,Grade 11,Physics,54.1,60.9,3.2,C
S2238,2025-05-19,Grade 12,Math,80.8,88.1,5.5,A
S2239,2025-05-19,Grade 11,Math,40.9,75.5,2.4,D
S2240,2025-05-26,Grade 9,English,27.4,65.7,1.2,D
S2241,2025-05-26,Grade 12,Math,70.4,86.6,2.2,B
S2242,2025-05-26,Grade 9,Biology,57.1,80.3,3.8,C
S2243,2025-05-26,Grade 12,Chemistry,50.2,66.9,3.4,C
S2244,2025-05-26,Grade 10,Physics,64.7,,3.7,C
S2245,2025-05-26,Grade 10,Chemistry,59.4,95.5,2.9,C
S2246,2025-05-26,Grade 12,Biology,82.8,94.5,5.5,A
S2247,2025-05-26,Grade 10,Chemistry,43.1,60.0,1.9,D
S2248,2025-05-26,Grade 10,Math,50.0,88.9,3.7,C
S2249,2025-05-26,Grade 11,English,59.8,92.4,2.8,C
S2250,2025-05-26,Grade 10,English,60.0,98.0,3.5,C
S2251,2025-05-26,Grade 10,Biology,72.1,88.2,2.1,B
S2252,2025-05-26,Grade 11,Biology,60.9,61.5,2.5,C
S2253,2025-05-26,Grade 9,English,32.7,69.7,3.5,D
S2254,2025-05-26,Grade 11,Math,51.7,62.8,2.3,C
S2255,2025-06-02,Grade 10,English,68.6,97.1,5.7,B
S2256,2025-06-02,Grade 10,Physics,63.4,63.9,2.1,C
S2257,2025-06-02,Grade 9,Math,58.2,99.4,3.6,C
S2258,2025-06-02,Grade 9,Physics,67.2,65.0,3.8,B
S2259,2025-06-02,Grade 9,Chemistry,54.2,97.6,2.6,C
S2260,2025-06-02,Grade 9,Chemistry,77.7,81.4,2.8,B
S2261,2025-06-02,Grade 12,English,52.5,73.6,,C
S2262,2025-06-02,Grade 12,Math,46.4,80.9,2.8,D
S2263,2025-06-02,Grade 12,Physics,55.7,92.2,3.3,C
S2264,2025-06-02,Grade 9,Math,53.5,81.5,3.4,C
S2265,2025-06-02,Grade 12,Biology,49.7,74.0,3.1,D
S2266,2025-06-02,Grade 12,Physics,65.1,87.9,3.6,B
S2267,2025-06-02,Grade 12,Physics,43.1,71.1,3.9,D
S2268,2025-06-02,Grade 10,English,59.8,93.0,1.3,C
S2269,2025-06-02,Grade 11,Chemistry,29.1,65.9,0,D
S2270,2025-06-09,Grade 12,Math,70.5,99.2,1.5,B
S2271,2025-06-09,Grade 12,Math,92.3,77.1,3.8,A
S2272,2025-06-09,Grade 12,English,34.4,61.4,0.9,D
S2273,2025-06-09,Grade 11,English,70.3,61.3,4.0,B
S2274,2025-06-09,Grade 11,English,36.1,66.1,1.8,D
S2275,2025-06-09,Grade 9,Chemistry,49.3,75.3,1.5,D
S2276,2025-06-09,Grade 11,Math,51.1,72.7,1.5,C
S2277,2025-06-09,Grade 11,Biology,73.9,81.1,2.8,B
S2278,2025-06-09,Grade 11,Chemistry,53.7,79.0,3.1,C
S2279,2025-06-09,Grade 12,Chemistry,54.1,66.8,0.6,C
S2280,2025-06-09,Grade 12,English,66.8,88.0,5.1,B
S2281,2025-06-09,Grade 11,Physics,54.4,73.7,3.1,C
S2282,2025-06-09,Grade 10,Physics,47.1,90.4,1.1,D
S2283,2025-06-09,Grade 11,Chemistry,46.7,70.1,1.6,D
S2284,2025-06-09,Grade 11,Chemistry,71.0,65.2,3.2,B
S2285,2025-06-16,Grade 10,Physics,83.7,72.8,0.9,A
S2286,2025-06-16,Grade 9,English,18.7,64.0,0.1,D
S2287,2025-06-16,Grade 9,English,66.5,95.2,2.4,B
S2288,2025-06-16,Grade 11,Biology,71.7,80.5,1.7,B
S2289,2025-06-16,Grade 10,Physics,47.6,69.2,3.9,D
S2290,2025-06-16,Grade 12,Biology,48.0,75.0,,D
S2291,2025-06-16,Grade 12,English,47.6,62.3,1.5,D
S2292,2025-06-16,Grade 11,Chemistry,71.7,74.4,4.4,B
S2293,2025-06-16,Grade 12,Physics,50.9,81.1,3.4,C
S2294,2025-06-16,Grade 12,Physics,73.1,95.8,2.8,B
S2295,2025-06-16,Grade 11,Chemistry,51.2,68.9,3.2,C
S2296,2025-06-16,Grade 10,Chemistry,78.6,99.2,3.1,B
S2297,2025-06-16,Grade 10,Physics,67.8,99.2,3.8,B
S2298,2025-06-16,Grade 12,Chemistry,66.6,74.7,1.0,B
S2299,2025-06-16,Grade 12,Math,59.1,63.6,3.7,C
