order_date,region,category,product,units,revenue,discount_pct,channel
2025-01-01,,Grocery,Olive Oil,9,,15,Partner
2025-01-01,South,Furniture,Desk,3,1269.97,15,Store
2025-01-02,West,Clothing,Sneakers,3,73.56,0,Partner
2025-01-03,North,Furniture,Desk,10,702.4,20,Online
2025-01-04,East,Furniture,Chair,4,1332.12,15,Partner
2025-01-05,West,Furniture,Desk,9,1632.12,10,Partner
2025-01-06,North,Electronics,Tablet,8,4359.49,15,Store
2025-01-06,North,Clothing,T-Shirt,4,275.41,0,Online
2025-01-07,North,Grocery,Coffee,2,87.66,15,Partner
2025-01-08,West,Electronics,Smartwatch,4,1229.15,0,Partner
2025-01-09,East,Grocery,Snacks,7,59.96,5,Online
2025-01-10,North,Clothing,Jacket,6,84.61,15,Online
2025-01-11,South,Electronics,Tablet,1,165.68,15,Partner
2025-01-12,West,Furniture,Bookshelf,8,2619.04,5,Store
2025-01-12,North,Electronics,Smartwatch,7,3096.02,5,Partner
2025-01-13,North,Clothing,Jacket,1,31.56,15,Online
2025-01-14,East,Furniture,Chair,8,1371.55,20,Store
2025-01-15,South,Electronics,Headphones,2,348.14,20,Partner
2025-01-16,West,Clothing,T-Shirt,6,457.86,5,Online
2025-01-17,South,Grocery,Olive Oil,3,106.65,10,Online
2025-01-18,South,Furniture,Bookshelf,3,1114.8,20,Store
2025-01-18,North,Grocery,Coffee,10,93.17,0,Online
2025-01-19,East,Clothing,Sneakers,4,315.12,15,Partner
2025-01-20,South,Grocery,Coffee,5,168.02,0,Store
2025-01-21,North,Electronics,Headphones,5,1469.18,5,Store
2025-01-22,South,Grocery,Snacks,8,149.59,0,Store
2025-01-23,East,Furniture,Bookshelf,2,456.14,15,Partner
2025-01-23,West,Furniture,Chair,10,982.42,0,Partner
2025-01-24,West,Clothing,Jacket,1,17.23,0,Partner
2025-01-25,North,Clothing,Sneakers,6,176.06,0,Partner
2025-01-26,East,Clothing,Sneakers,12,224.22,5,Online
2025-01-27,North,Grocery,Snacks,2,89.95,15,Partner
2025-01-28,North,Electronics,Tablet,10,5496.94,15,Online
2025-01-29,West,Electronics,Tablet,2,1133.2,10,Store
2025-01-29,West,Grocery,Snacks,12,440.42,15,Partner
2025-01-30,East,Electronics,Tablet,9,6413.92,0,Online
2025-01-31,West,Grocery,Olive Oil,1,17.66,0,Partner
2025-02-01,East,Grocery,Coffee,5,,10,Partner
2025-02-02,West,Furniture,Chair,9,1362.39,10,Online
2025-02-03,West,Clothing,Jacket,7,564.71,5,Online
2025-02-04,South,Grocery,Coffee,4,133.46,10,Online
2025-02-04,North,Grocery,Snacks,6,306.24,0,Online
2025-02-05,West,Electronics,Smartwatch,8,3826.7,5,Partner
2025-02-06,West,Grocery,Snacks,11,196.64,20,Online
2025-02-07,East,Electronics,Tablet,5,4023.11,0,Store
2025-02-08,South,Clothing,Sneakers,11,1079.2,0,Store
2025-02-09,South,Furniture,Desk,1,431.99,10,Online
2025-02-09,East,Electronics,Headphones,8,1483.3,20,Partner
2025-02-10,South,Furniture,Bookshelf,4,1830.22,10,Online
2025-02-11,South,Grocery,Snacks,9,378.59,5,Store
2025-02-12,North,Furniture,Chair,7,3467.02,5,Partner
2025-02-13,North,Grocery,Snacks,3,84.87,5,Partner
2025-02-14,North,Clothing,T-Shirt,8,374.52,5,Partner
2025-02-15,,Electronics,Smartwatch,4,1127.84,15,Partner
2025-02-15,East,Clothing,T-Shirt,5,552.74,0,Online
2025-02-16,East,Electronics,Smartwatch,8,2764.48,15,Online
2025-02-17,South,Furniture,Bookshelf,2,606.09,0,Store
2025-02-18,West,Furniture,Chair,8,1006.79,20,Partner
2025-02-19,East,Electronics,Tablet,4,1534.61,20,Partner
2025-02-20,East,Furniture,Chair,9,2501.22,20,Partner
2025-02-21,East,Grocery,Olive Oil,10,156.31,5,Store
2025-02-21,North,Furniture,Bookshelf,7,2008.55,20,Store
2025-02-22,West,Electronics,Tablet,9,6314.79,20,Partner
2025-02-23,North,Electronics,Tablet,8,1671.37,5,Store
2025-02-24,West,Grocery,Coffee,7,117.85,15,Store
2025-02-25,South,Grocery,Snacks,8,270.99,0,Partner
2025-02-26,North,Electronics,Headphones,5,1235.48,0,Online
2025-02-26,East,Furniture,Desk,1,393.53,10,Partner
2025-02-27,North,Grocery,Olive Oil,2,51.97,20,Partner
2025-02-28,West,Clothing,Jacket,12,343.31,20,Store
2025-03-01,South,Grocery,Olive Oil,9,279.85,20,Partner
2025-03-02,South,Furniture,Desk,9,1385.35,20,Partner
2025-03-03,South,Clothing,Jacket,3,130.05,10,Online
2025-03-04,North,Electronics,Smartwatch,3,2327.68,5,Store
2025-03-04,South,Electronics,Headphones,7,,15,Store
2025-03-05,East,Electronics,Headphones,2,541.26,10,Partner
2025-03-06,North,Clothing,Sneakers,9,1024.73,5,Online
2025-03-07,West,Electronics,Headphones,1,577.2,20,Online
2025-03-08,East,Furniture,Bookshelf,2,353.47,5,Online
2025-03-09,North,Electronics,Headphones,3,2202.23,15,Store
2025-03-10,West,Grocery,Coffee,8,204.87,10,Partner
2025-03-10,South,Clothing,Jacket,1,81.57,0,Store
2025-03-11,South,Grocery,Olive Oil,6,232.88,15,Online
2025-03-12,North,Electronics,Tablet,9,6028.52,10,Partner
2025-03-13,East,Grocery,Snacks,10,303.83,20,Store
2025-03-14,West,Electronics,Headphones,12,8062.46,5,Store
2025-03-15,South,Clothing,T-Shirt,7,567.33,15,Online
2025-03-15,North,Electronics,Smartwatch,6,2257.6,0,Partner
2025-03-16,East,Electronics,Headphones,4,1277.03,10,Partner
2025-03-17,West,Grocery,Olive Oil,10,150.08,0,Store
2025-03-18,North,Furniture,Desk,12,1450.41,15,Partner
2025-03-19,West,Electronics,Tablet,12,3343.29,15,Online
2025-03-20,East,Furniture,Chair,11,3028.87,0,Store
2025-03-21,North,Clothing,T-Shirt,9,548.9,15,Store
2025-03-21,West,Electronics,Headphones,9,5383.37,0,Store
2025-03-22,North,Grocery,Snacks,3,124.95,20,Store
2025-03-23,East,Grocery,Snacks,5,135.89,20,Partner
2025-03-24,East,Clothing,T-Shirt,8,536.23,20,Partner
2025-03-25,North,Clothing,T-Shirt,1,15.65,5,Online
2025-03-26,West,Grocery,Coffee,11,261.83,10,Partner
2025-03-27,West,Clothing,T-Shirt,2,187.62,5,Store
2025-03-27,West,Clothing,Jacket,4,79.08,0,Online
2025-03-28,North,Electronics,Headphones,1,525.46,15,Online
2025-03-29,West,Clothing,Jacket,9,253.09,10,Partner
2025-03-30,West,Grocery,Snacks,8,243.57,20,Partner
2025-03-31,West,Furniture,Desk,5,2193.68,5,Partner
2025-04-01,,Clothing,Sneakers,9,653.04,10,Partner
2025-04-01,South,Furniture,Desk,11,2350.13,5,Partner
2025-04-02,North,Furniture,Chair,11,1105.99,0,Store
2025-04-03,South,Grocery,Olive Oil,1,39.28,0,Store
2025-04-04,South,Electronics,Tablet,2,1585.86,5,Store
2025-04-05,East,Grocery,Snacks,8,,10,Partner
2025-04-06,South,Furniture,Chair,2,845.19,15,Store
2025-04-07,South,Clothing,T-Shirt,7,630.23,10,Partner
2025-04-07,West,Clothing,T-Shirt,5,344.87,5,Store
2025-04-08,North,Electronics,Smartwatch,8,6451.07,0,Partner
2025-04-09,North,Grocery,Snacks,11,335.42,0,Online
2025-04-10,East,Electronics,Headphones,12,4080.82,10,Online
2025-04-11,North,Clothing,Sneakers,11,903.15,10,Partner
2025-04-12,West,Grocery,Olive Oil,10,339.41,10,Store
2025-04-13,South,Grocery,Coffee,6,82.4,20,Store
2025-04-13,West,Clothing,Jacket,1,45.18,15,Partner
2025-04-14,South,Clothing,Jacket,7,401.85,20,Online
2025-04-15,North,Grocery,Olive Oil,5,235.85,5,Online
2025-04-16,North,Clothing,T-Shirt,1,70.87,15,Partner
2025-04-17,East,Clothing,T-Shirt,9,214.42,0,Online
2025-04-18,North,Clothing,T-Shirt,2,33.68,5,Partner
2025-04-18,East,Grocery,Snacks,4,150.18,15,Store
2025-04-19,South,Clothing,Sneakers,6,538.73,10,Store
2025-04-20,West,Electronics,Tablet,12,7363.43,0,Store
2025-04-21,North,Electronics,Tablet,7,4613.46,15,Store
2025-04-22,South,Electronics,Headphones,2,792.55,15,Partner
2025-04-23,East,Furniture,Desk,11,2876.59,5,Store
2025-04-24,West,Grocery,Snacks,9,189.55,0,Partner
2025-04-24,North,Electronics,Smartwatch,5,3020.93,5,Online
2025-04-25,South,Grocery,Snacks,1,21.08,5,Online
2025-04-26,South,Furniture,Chair,10,3623.73,20,Online
2025-04-27,West,Clothing,Sneakers,7,208.62,10,Store
2025-04-28,West,Grocery,Coffee,6,247.88,0,Store
2025-04-29,East,Electronics,Headphones,4,2926.18,15,Partner
2025-04-30,West,Furniture,Desk,1,481.06,10,Partner
2025-04-30,South,Grocery,Snacks,10,451.48,15,Online
2025-05-01,East,Clothing,T-Shirt,9,207.12,20,Partner
2025-05-02,North,Electronics,Headphones,3,1649.88,5,Online
2025-05-03,North,Furniture,Chair,2,420.64,20,Partner
2025-05-04,East,Grocery,Coffee,2,92.08,20,Online
2025-05-05,West,Grocery,Coffee,4,221.69,0,Online
2025-05-05,East,Grocery,Snacks,9,260.66,10,Store
2025-05-06,North,Electronics,Smartwatch,9,,15,Online
2025-05-07,North,Furniture,Bookshelf,2,726.21,15,Store
2025-05-08,South,Electronics,Smartwatch,7,4068.73,15,Partner
2025-05-09,South,Electronics,Smartwatch,8,5539.38,5,Partner
2025-05-10,West,Grocery,Olive Oil,9,374.5,10,Partner
2025-05-11,North,Electronics,Smartwatch,5,1238.85,15,Store
2025-05-11,West,Clothing,Sneakers,10,578.98,10,Online
2025-05-12,South,Electronics,Headphones,3,1756.43,5,Online
2025-05-13,North,Grocery,Coffee,1,40.82,20,Online
2025-05-14,West,Electronics,Headphones,3,2270.93,15,Store
2025-05-15,South,Grocery,Olive Oil,9,108.14,5,Store
2025-05-16,,Grocery,Olive Oil,6,267.23,20,Store
2025-05-17,North,Clothing,Sneakers,4,269.84,20,Store
2025-05-17,North,Furniture,Bookshelf,6,1221.58,15,Store
2025-05-18,North,Furniture,Bookshelf,9,2049.56,10,Partner
2025-05-19,South,Furniture,Chair,5,2153.64,10,Partner
2025-05-20,South,Furniture,Bookshelf,10,3607.83,20,Online
2025-05-21,West,Furniture,Bookshelf,2,256.47,15,Store
2025-05-22,East,Clothing,Sneakers,2,202.59,10,Online
2025-05-22,North,Grocery,Olive Oil,12,119.6,20,Store
2025-05-23,South,Furniture,Desk,12,6435.81,10,Online
2025-05-24,East,Clothing,Jacket,11,1140.99,5,Online
2025-05-25,South,Electronics,Smartwatch,8,1322.52,5,Partner
2025-05-26,South,Grocery,Coffee,10,375.54,0,Store
2025-05-27,North,Grocery,Olive Oil,1,10.93,15,Store
2025-05-28,South,Furniture,Bookshelf,6,1891.52,10,Store
2025-05-28,West,Electronics,Smartwatch,11,7711.92,5,Partner
2025-05-29,West,Electronics,Smartwatch,8,2618.14,20,Store
2025-05-30,North,Grocery,Olive Oil,12,280.46,15,Online
2025-05-31,North,Clothing,Sneakers,9,532.98,15,Online
2025-06-01,West,Clothing,T-Shirt,12,812.96,15,Store
2025-06-02,North,Clothing,Sneakers,10,1017.36,5,Online
2025-06-03,South,Grocery,Olive Oil,1,31.16,0,Store
2025-06-03,West,Grocery,Olive Oil,4,192.19,10,Online
2025-06-04,North,Furniture,Desk,11,4120.55,20,Online
2025-06-05,West,Furniture,Desk,2,861.97,20,Store
2025-06-06,South,Furniture,Desk,12,2544.69,10,Store
2025-06-07,South,Grocery,Coffee,9,,10,Store
2025-06-08,East,Electronics,Smartwatch,8,5931.97,10,Online
2025-06-08,South,Grocery,Snacks,4,64.59,0,Store
2025-06-09,South,Grocery,Olive Oil,1,11.56,20,Partner
2025-06-10,North,Furniture,Chair,4,2294.88,0,Partner
2025-06-11,East,Clothing,T-Shirt,5,504.96,5,Store
2025-06-12,North,Grocery,Olive Oil,2,25.77,10,Partner
2025-06-13,East,Furniture,Chair,5,827.11,5,Store
2025-06-14,South,Electronics,Tablet,10,4832.41,10,Online
2025-06-14,West,Clothing,Jacket,3,246.58,0,Store
2025-06-15,East,Electronics,Tablet,9,7474.92,0,Store
2025-06-16,South,Grocery,Coffee,10,88.15,10,Online
2025-06-17,South,Clothing,Jacket,12,827.08,5,Partner
2025-06-18,North,Grocery,Coffee,10,222.35,15,Online
2025-06-19,East,Clothing,T-Shirt,6,504.71,0,Partner
2025-06-20,North,Furniture,Bookshelf,10,55337.88,5,Store
2025-06-20,South,Furniture,Chair,11,3059.35,10,Store
2025-06-21,North,Furniture,Desk,10,3543.45,10,Partner
2025-06-22,East,Electronics,Headphones,10,4619.7,5,Partner
2025-06-23,West,Electronics,Tablet,10,4437.67,15,Store
2025-06-24,South,Electronics,Tablet,2,447.86,5,Online
2025-06-25,East,Electronics,Tablet,5,2110.59,10,Store
2025-06-25,West,Electronics,Smartwatch,11,7998.67,5,Online
2025-06-26,West,Furniture,Desk,8,2810.54,20,Store
2025-06-27,North,Grocery,Coffee,8,190.33,5,Store
2025-06-28,North,Furniture,Desk,3,1121.27,20,Online
2025-06-29,East,Grocery,Snacks,9,97.81,15,Store
2025-06-30,,Electronics,Smartwatch,1,527.91,20,Store
2025-07-01,West,Electronics,Headphones,9,6055.13,15,Online
2025-07-01,South,Clothing,Jacket,5,201.56,20,Online
2025-07-02,East,Grocery,Olive Oil,10,407.39,0,Partner
2025-07-03,West,Furniture,Chair,8,4006.56,5,Online
2025-07-04,South,Furniture,Chair,7,1733.35,5,Online
2025-07-05,West,Grocery,Snacks,4,135.59,10,Store
2025-07-06,West,Furniture,Desk,8,1267.41,15,Online
2025-07-07,North,Clothing,T-Shirt,6,550.16,20,Online
2025-07-07,East,Clothing,Jacket,9,481.03,5,Store
2025-07-08,South,Electronics,Headphones,3,,10,Partner
2025-07-09,West,Electronics,Headphones,1,763.72,15,Store
2025-07-10,North,Clothing,Sneakers,5,383.7,20,Store
2025-07-11,South,Furniture,Desk,8,769.33,5,Online
2025-07-12,South,Clothing,T-Shirt,7,333.34,20,Partner
2025-07-12,South,Clothing,Jacket,6,464.99,15,Store
2025-07-13,East,Grocery,Coffee,7,70.1,20,Online
2025-07-14,South,Clothing,Jacket,6,291.96,5,Online
2025-07-15,North,Grocery,Coffee,10,50.62,10,Partner
2025-07-16,South,Clothing,T-Shirt,11,275.43,10,Store
2025-07-17,North,Electronics,Smartwatch,7,1427.15,15,Store
2025-07-18,South,Clothing,Jacket,5,302.39,10,Store
2025-07-18,South,Furniture,Bookshelf,8,3452.49,10,Online
2025-07-19,East,Clothing,T-Shirt,7,591.67,15,Partner
2025-07-20,North,Clothing,Sneakers,12,1132.49,15,Online
2025-07-21,East,Grocery,Snacks,5,34.02,15,Partner
2025-07-22,East,Clothing,Sneakers,5,112.94,0,Store
2025-07-23,West,Clothing,Sneakers,5,477.81,5,Partner
2025-07-24,North,Clothing,T-Shirt,6,104.07,5,Online
2025-07-24,North,Grocery,Snacks,10,250.71,10,Store
2025-07-25,East,Grocery,Snacks,7,47.2,5,Store
2025-07-26,South,Clothing,Sneakers,8,893.63,5,Online
2025-07-27,North,Clothing,T-Shirt,11,335.33,20,Store
2025-07-28,North,Electronics,Tablet,4,1792.83,20,Partner
2025-07-29,East,Clothing,T-Shirt,5,257.0,0,Online
2025-07-29,South,Grocery,Coffee,11,142.15,5,Store
2025-07-30,East,Grocery,Snacks,10,179.79,15,Partner
2025-07-31,East,Grocery,Olive Oil,4,145.96,10,Online
2025-08-01,East,Furniture,Desk,2,1188.74,0,Store
2025-08-02,West,Grocery,Coffee,1,11.85,15,Store
2025-08-03,East,Clothing,T-Shirt,7,406.28,15,Partner
2025-08-04,South,Clothing,Sneakers,6,486.82,10,Online
2025-08-04,East,Furniture,Desk,10,5618.0,5,Online
2025-08-05,South,Furniture,Bookshelf,7,2539.0,10,Online
2025-08-06,East,Electronics,Tablet,8,4477.5,5,Store
2025-08-07,West,Grocery,Olive Oil,5,168.85,15,Online
2025-08-08,North,Electronics,Headphones,3,2054.85,0,Store
2025-08-09,West,Clothing,Sneakers,12,,0,Online
2025-08-10,West,Grocery,Olive Oil,3,68.95,10,Store
2025-08-10,South,Furniture,Bookshelf,7,2709.48,15,Store
2025-08-11,West,Furniture,Desk,9,1940.84,5,Online
2025-08-12,East,Clothing,Jacket,8,459.23,5,Store
2025-08-13,East,Furniture,Desk,5,1823.18,10,Online
2025-08-14,,Grocery,Coffee,4,90.44,10,Online
2025-08-15,South,Electronics,Smartwatch,5,3263.45,0,Store
2025-08-15,West,Furniture,Desk,4,2025.22,15,Store
2025-08-16,South,Clothing,T-Shirt,9,509.16,0,Partner
2025-08-17,South,Clothing,Sneakers,5,156.63,10,Partner
2025-08-18,North,Electronics,Tablet,3,2259.92,5,Online
2025-08-19,East,Clothing,Jacket,6,84.09,20,Partner
2025-08-20,East,Grocery,Coffee,1,53.76,0,Partner
2025-08-21,West,Clothing,Sneakers,4,333.85,15,Partner
2025-08-21,East,Electronics,Tablet,8,3071.55,15,Online
2025-08-22,West,Electronics,Tablet,10,2300.28,10,Store
2025-08-23,East,Clothing,Sneakers,6,412.21,15,Store
2025-08-24,East,Electronics,Smartwatch,11,4303.41,0,Online
2025-08-25,East,Furniture,Bookshelf,4,396.7,5,Online
2025-08-26,East,Furniture,Chair,6,769.66,5,Online
2025-08-27,North,Grocery,Snacks,1,4.42,20,Online
2025-08-27,North,Clothing,Jacket,9,882.24,5,Store
2025-08-28,West,Electronics,Smartwatch,10,2081.42,10,Online
2025-08-29,East,Grocery,Coffee,7,318.69,5,Partner
2025-08-30,North,Grocery,Coffee,6,288.8,10,Partner
2025-08-31,East,Grocery,Snacks,11,70.77,20,Partner
2025-09-01,North,Grocery,Olive Oil,9,524.83,0,Partner
2025-09-01,West,Grocery,Olive Oil,7,247.52,15,Online
2025-09-02,North,Grocery,Olive Oil,10,347.64,0,Partner
2025-09-03,North,Grocery,Snacks,8,165.04,0,Online
2025-09-04,East,Grocery,Coffee,6,286.12,20,Partner
2025-09-05,West,Grocery,Coffee,9,231.84,5,Online
2025-09-06,North,Furniture,Desk,11,5128.47,5,Partner
2025-09-07,East,Clothing,Sneakers,5,109.03,0,Partner
2025-09-07,West,Clothing,Jacket,8,294.24,0,Store
2025-09-08,West,Clothing,Sneakers,11,440.5,0,Online
2025-09-09,North,Electronics,Headphones,8,,20,Store
2025-09-10,South,Furniture,Chair,2,456.39,10,Online
2025-09-11,West,Grocery,Snacks,3,116.37,0,Online
2025-09-12,South,Electronics,Tablet,11,3020.03,10,Partner
2025-09-13,East,Grocery,Olive Oil,7,36.83,10,Store
2025-09-13,South,Furniture,Bookshelf,12,2154.41,5,Partner
2025-09-14,East,Grocery,Snacks,1,12.1,0,Partner
2025-09-15,South,Clothing,T-Shirt,5,177.98,0,Partner
2025-09-16,South,Clothing,Jacket,5,455.19,5,Partner
2025-09-17,West,Clothing,Sneakers,7,304.27,20,Store
2025-09-18,East,Furniture,Bookshelf,9,1298.35,0,Partner
2025-09-18,East,Grocery,Coffee,4,128.36,0,Store
2025-09-19,West,Electronics,Smartwatch,11,6648.94,5,Online
2025-09-20,East,Grocery,Snacks,10,171.21,0,Store
2025-09-21,East,Clothing,T-Shirt,10,551.65,10,Partner
2025-09-22,West,Electronics,Smartwatch,11,6687.48,0,Online
2025-09-23,North,Clothing,T-Shirt,7,372.76,10,Online
2025-09-24,East,Electronics,Headphones,8,6579.11,0,Store
2025-09-24,North,Electronics,Tablet,12,6400.82,10,Partner
2025-09-25,West,Furniture,Bookshelf,8,894.68,5,Store
2025-09-26,South,Grocery,Coffee,11,449.41,0,Store
2025-09-27,North,Grocery,Coffee,4,162.99,0,Store
2025-09-28,,Grocery,Snacks,11,495.12,20,Store
2025-09-29,North,Furniture,Desk,9,2566.93,0,Partner
2025-09-30,North,Clothing,Sneakers,11,936.68,15,Store
2025-09-30,North,Furniture,Desk,1,245.59,10,Store
2025-10-01,North,Grocery,Snacks,9,322.74,0,Partner
2025-10-02,North,Electronics,Tablet,2,1094.22,5,Partner
2025-10-03,South,Clothing,T-Shirt,5,247.19,5,Store
2025-10-04,West,Grocery,Coffee,1,47.55,20,Partner
2025-10-05,South,Electronics,Headphones,8,2025.92,0,Partner
2025-10-05,West,Furniture,Desk,7,2809.56,0,Online
2025-10-06,South,Furniture,Chair,2,785.24,15,Partner
2025-10-07,North,Electronics,Smartwatch,7,1465.95,10,Store
2025-10-08,North,Clothing,T-Shirt,2,60.06,20,Store
2025-10-09,South,Clothing,T-Shirt,8,232.87,20,Partner
2025-10-10,East,Electronics,Headphones,7,3901.24,10,Store
2025-10-11,East,Electronics,Tablet,7,,15,Store
2025-10-11,North,Clothing,Jacket,8,196.3,10,Partner
2025-10-12,North,Grocery,Olive Oil,9,194.5,5,Store
2025-10-13,West,Electronics,Tablet,6,2392.29,5,Online
2025-10-14,North,Clothing,T-Shirt,7,541.07,0,Partner
2025-10-15,East,Clothing,Sneakers,4,170.85,20,Online
2025-10-16,East,Electronics,Headphones,6,1726.67,0,Online
2025-10-17,East,Furniture,Chair,5,1642.72,15,Online
2025-10-17,West,Clothing,Jacket,10,863.88,0,Store
2025-10-18,East,Clothing,T-Shirt,1,45.91,5,Store
2025-10-19,North,Electronics,Tablet,8,1190.16,20,Online
2025-10-20,South,Clothing,T-Shirt,11,795.14,20,Partner
2025-10-21,North,Electronics,Headphones,12,5501.26,10,Online
2025-10-22,West,Grocery,Olive Oil,11,433.24,15,Store
2025-10-22,North,Electronics,Smartwatch,8,3119.51,0,Partner
2025-10-23,North,Electronics,Headphones,12,2578.97,10,Online
2025-10-24,South,Grocery,Snacks,6,206.99,0,Store
2025-10-25,South,Grocery,Olive Oil,1,46.17,15,Partner
2025-10-26,West,Grocery,Coffee,8,197.34,15,Partner
2025-10-27,East,Furniture,Desk,10,2485.18,0,Partner
2025-10-28,West,Clothing,Sneakers,7,431.75,20,Partner
2025-10-28,West,Grocery,Olive Oil,6,270.17,5,Store
2025-10-29,East,Clothing,Sneakers,2,167.64,5,Partner
2025-10-30,East,Grocery,Snacks,10,74.82,0,Online
2025-10-31,South,Furniture,Chair,7,3865.38,0,Partner
2025-11-01,South,Grocery,Olive Oil,7,211.3,5,Online
2025-11-02,East,Clothing,T-Shirt,9,935.82,0,Online
2025-11-03,East,Grocery,Snacks,6,162.83,15,Online
2025-11-03,East,Furniture,Desk,3,551.8,5,Online
2025-11-04,East,Furniture,Chair,10,1508.13,10,Online
2025-11-05,North,Clothing,Jacket,10,945.44,10,Store
2025-11-06,East,Electronics,Smartwatch,3,1492.85,10,Store
2025-11-07,North,Furniture,Chair,5,1494.59,10,Store
2025-11-08,South,Furniture,Bookshelf,7,914.22,20,Online
2025-11-08,East,Furniture,Chair,9,3385.44,20,Online
2025-11-09,South,Grocery,Snacks,6,196.08,20,Store
2025-11-10,East,Clothing,T-Shirt,6,439.53,20,Partner
2025-11-11,North,Clothing,T-Shirt,4,,20,Partner
2025-11-12,,Electronics,Headphones,5,4131.49,0,Store
2025-11-13,North,Clothing,Jacket,6,639.43,0,Online
2025-11-14,North,Grocery,Snacks,10,102.91,20,Partner
2025-11-14,West,Furniture,Desk,2,637.0,10,Partner
2025-11-15,North,Electronics,Tablet,7,1693.32,5,Store
2025-11-16,North,Electronics,Headphones,9,6155.68,20,Store
2025-11-17,South,Clothing,T-Shirt,6,205.41,10,Online
2025-11-18,East,Grocery,Coffee,1,30.79,20,Online
2025-11-19,East,Furniture,Desk,1,123.08,10,Store
2025-11-20,North,Electronics,Headphones,3,1853.54,20,Store
2025-11-20,West,Electronics,Smartwatch,4,3349.89,5,Store
2025-11-21,East,Furniture,Desk,6,1617.8,5,Partner
2025-11-22,East,Clothing,Sneakers,9,654.49,20,Partner
2025-11-23,South,Furniture,Chair,7,1139.58,5,Store
2025-11-24,South,Grocery,Coffee,4,173.16,10,Partner
2025-11-25,North,Clothing,Jacket,10,629.01,10,Store
2025-11-25,South,Furniture,Bookshelf,2,426.2,10,Online
2025-11-26,South,Furniture,Chair,9,922.66,20,Online
2025-11-27,East,Electronics,Tablet,7,3776.14,5,Store
2025-11-28,South,Electronics,Smartwatch,2,1517.83,15,Partner
2025-11-29,West,Furniture,Chair,6,3397.98,5,Partner
2025-11-30,North,Electronics,Smartwatch,8,7046.2,0,Online
2025-12-01,South,Grocery,Coffee,2,53.9,5,Online
2025-12-01,East,Furniture,Desk,8,4172.07,10,Online
2025-12-02,South,Furniture,Desk,12,2953.45,0,Online
2025-12-03,East,Furniture,Chair,12,5513.43,15,Partner
2025-12-04,South,Electronics,Tablet,5,1299.16,0,Store
2025-12-05,North,Electronics,Smartwatch,2,722.42,5,Partner
2025-12-06,North,Grocery,Olive Oil,9,174.6,0,Online
2025-12-07,South,Electronics,Headphones,2,1346.0,20,Store
2025-12-07,West,Electronics,Smartwatch,5,2050.93,20,Partner
2025-12-08,West,Grocery,Olive Oil,8,54.31,5,Online
2025-12-09,East,Grocery,Coffee,10,270.29,0,Online
2025-12-10,North,Furniture,Desk,7,3078.43,5,Online
2025-12-11,West,Grocery,Coffee,8,309.37,0,Online
2025-12-12,East,Clothing,Sneakers,1,32.46,0,Partner
2025-12-12,East,Clothing,Jacket,12,,20,Store
2025-12-13,West,Furniture,Bookshelf,10,3247.89,15,Partner
2025-12-14,South,Grocery,Olive Oil,5,98.96,15,Partner
2025-12-15,South,Furniture,Bookshelf,8,2481.14,10,Store
2025-12-16,East,Furniture,Chair,9,3278.82,5,Partner
2025-12-17,West,Electronics,Tablet,11,6588.24,10,Online
2025-12-18,West,Grocery,Olive Oil,12,535.11,20,Online
2025-12-18,West,Grocery,Coffee,7,110.88,20,Online
2025-12-19,South,Clothing,Jacket,8,656.91,0,Store
2025-12-20,South,Grocery,Olive Oil,1,9.65,0,Store
2025-12-21,North,Electronics,Smartwatch,5,1184.71,20,Store
2025-12-22,South,Electronics,Smartwatch,2,879.59,15,Store
2025-12-23,East,Clothing,T-Shirt,4,281.84,15,Online
