student_id,department,gender,attendance_pct,assignment_pct,midterm_pct,final_exam_pct,project_pct,cgpa
S001,CSE,Male,78,85,82,88,92,8.7
S002,CSE,Female,91,94,89,96,95,9.5
S003,ECE,Male,67,72,70,75,78,7.4
S004,IT,Female,84,88,86,91,90,8.9
S005,CSE,Female,73,79,76,82,85,8.1
S006,ME,Male,62,68,65,70,72,7.0
S007,ECE,Female,88,91,90,93,94,9.2
S008,IT,Male,76,81,79,84,86,8.3
S009,CSE,Male,95,92,96,98,97,9.7
S010,ME,Female,71,75,73,78,80,7.8
S011,ECE,Male,80,83,81,86,88,8.5
S012,IT,Female,89,87,91,94,92,9.1
S013,CSE,Female,65,70,68,74,76,7.3
S014,ME,Male,74,69,72,77,79,7.9
S015,ECE,Female,93,95,94,97,96,9.6
S016,IT,Male,82,78,84,89,87,8.6
S017,CSE,Male,69,74,71,79,81,7.7
S018,ME,Female,86,84,88,90,91,8.9
S019,ECE,Male,77,80,79,83,85,8.2
S020,IT,Female,96,93,95,99,98,9.8
