ticket_id,created_at,priority,team,channel,resolution_hours,satisfaction,status
TCK-5000,2025-03-01,Medium,Onboarding,Email,58.2,,Open
TCK-5001,2025-03-01,Low,Billing,Email,23.9,,Open
TCK-5002,2025-03-02,Critical,Billing,Phone,8.2,5,Resolved
TCK-5003,2025-03-03,Low,Onboarding,Chat,13.9,5,Resolved
TCK-5004,2025-03-03,Low,Technical,Phone,33.9,,Open
TCK-5005,2025-03-04,High,Accounts,Email,2.7,,Open
TCK-5006,2025-03-05,Medium,Technical,Chat,68.2,5,Resolved
TCK-5007,2025-03-05,High,Accounts,Email,2.1,,Open
TCK-5008,2025-03-06,Low,Accounts,Chat,30.4,3,Resolved
TCK-5009,2025-03-07,Medium,Billing,Chat,51.0,4,Resolved
TCK-5010,2025-03-08,Medium,Accounts,Email,7.7,4,Resolved
TCK-5011,2025-03-08,Medium,Billing,Email,23.0,5,Resolved
TCK-5012,2025-03-09,Low,Onboarding,Email,34.4,4,Resolved
TCK-5013,2025-03-10,Critical,Billing,Chat,5.0,5,Resolved
TCK-5014,2025-03-10,Low,Technical,Chat,18.3,5,Resolved
TCK-5015,2025-03-11,Critical,Billing,Email,9.7,,Escalated
TCK-5016,2025-03-12,Medium,Accounts,Email,36.4,4,Resolved
TCK-5017,2025-03-12,Medium,Billing,Phone,16.9,,Open
TCK-5018,2025-03-13,Low,Onboarding,Phone,27.4,5,Resolved
TCK-5019,2025-03-14,Low,Accounts,Email,4.7,2,Resolved
TCK-5020,2025-03-15,Critical,Billing,Chat,10.8,2,Resolved
TCK-5021,2025-03-15,Medium,Accounts,Chat,45.8,,Open
TCK-5022,2025-03-16,Medium,Accounts,Email,54.6,4,Resolved
TCK-5023,2025-03-17,Low,Accounts,Email,27.9,5,Resolved
TCK-5024,2025-03-17,Medium,Billing,Email,54.5,,Open
TCK-5025,2025-03-18,Critical,Billing,Chat,10.4,5,Resolved
TCK-5026,2025-03-19,Medium,Accounts,Phone,19.0,,Open
TCK-5027,2025-03-19,Medium,Onboarding,Chat,64.3,2,Resolved
TCK-5028,2025-03-20,Low,Onboarding,Email,32.5,5,Resolved
TCK-5029,2025-03-21,Medium,Accounts,Phone,32.0,2,Resolved
TCK-5030,2025-03-22,Medium,Accounts,Phone,63.8,5,Resolved
TCK-5031,2025-03-22,Low,Accounts,Email,12.4,5,Resolved
TCK-5032,2025-03-23,Medium,Onboarding,Phone,19.4,,Open
TCK-5033,2025-03-24,High,Onboarding,Email,1.5,5,Resolved
TCK-5034,2025-03-24,Medium,Accounts,Email,19.0,4,Resolved
TCK-5035,2025-03-25,Medium,Billing,Phone,7.5,5,Resolved
TCK-5036,2025-03-26,Critical,Accounts,Chat,8.8,5,Resolved
TCK-5037,2025-03-26,Low,Billing,Email,33.3,3,Resolved
TCK-5038,2025-03-27,High,Billing,Chat,18.0,,Open
TCK-5039,2025-03-28,High,Onboarding,Email,11.0,,Escalated
TCK-5040,2025-03-29,Critical,Onboarding,Chat,9.7,5,Resolved
TCK-5041,2025-03-29,Medium,Accounts,Phone,10.7,5,Resolved
TCK-5042,2025-03-30,Low,Billing,Email,15.4,1,Resolved
TCK-5043,2025-03-31,Medium,Accounts,Phone,51.1,4,Resolved
TCK-5044,2025-03-31,Low,Onboarding,Chat,18.5,1,Resolved
TCK-5045,2025-04-01,Medium,Technical,Email,14.1,4,Resolved
TCK-5046,2025-04-02,Low,Technical,Chat,43.9,1,Resolved
TCK-5047,2025-04-02,Low,Onboarding,Email,4.6,4,Resolved
TCK-5048,2025-04-03,Medium,Accounts,Phone,28.6,4,Resolved
TCK-5049,2025-04-04,Medium,Onboarding,Phone,34.0,,Open
TCK-5050,2025-04-05,Medium,Technical,Phone,28.4,5,Resolved
TCK-5051,2025-04-05,Critical,Technical,Email,4.8,5,Resolved
TCK-5052,2025-04-06,Critical,Onboarding,Email,8.4,5,Resolved
TCK-5053,2025-04-07,High,Accounts,Chat,10.2,,Open
TCK-5054,2025-04-07,Low,Billing,Email,24.7,2,Resolved
TCK-5055,2025-04-08,Medium,Accounts,Phone,44.4,,Open
TCK-5056,2025-04-09,Medium,Accounts,Email,30.3,,Open
TCK-5057,2025-04-09,Critical,Technical,Phone,7.8,1,Resolved
TCK-5058,2025-04-10,Medium,Technical,Phone,7.7,,Open
TCK-5059,2025-04-11,Low,Onboarding,Chat,13.5,4,Resolved
TCK-5060,2025-04-12,Low,Onboarding,Email,18.8,3,Resolved
TCK-5061,2025-04-12,Low,Onboarding,Phone,40.9,4,Resolved
TCK-5062,2025-04-13,High,Technical,Chat,22.9,5,Resolved
TCK-5063,2025-04-14,High,Technical,Chat,11.5,5,Resolved
TCK-5064,2025-04-14,Low,Accounts,Chat,15.8,1,Resolved
TCK-5065,2025-04-15,Medium,Accounts,Phone,29.0,,Escalated
TCK-5066,2025-04-16,Medium,Technical,Email,68.2,4,Resolved
TCK-5067,2025-04-16,Low,Onboarding,Email,26.6,5,Resolved
TCK-5068,2025-04-17,High,Billing,Phone,16.0,,Escalated
TCK-5069,2025-04-18,Critical,Billing,Chat,1.1,5,Resolved
TCK-5070,2025-04-19,Medium,Technical,Email,67.9,1,Resolved
TCK-5071,2025-04-19,Medium,Accounts,Phone,65.2,4,Resolved
TCK-5072,2025-04-20,Medium,Billing,Email,26.9,1,Resolved
TCK-5073,2025-04-21,High,Onboarding,Chat,27.8,4,Resolved
TCK-5074,2025-04-21,Low,Onboarding,Email,43.0,3,Resolved
TCK-5075,2025-04-22,High,Billing,Chat,22.0,,Open
TCK-5076,2025-04-23,Low,Billing,Phone,38.7,4,Resolved
TCK-5077,2025-04-23,Low,Onboarding,Chat,23.8,,Escalated
TCK-5078,2025-04-24,Critical,Billing,Phone,9.2,2,Resolved
TCK-5079,2025-04-25,Low,Accounts,Phone,27.9,4,Resolved
TCK-5080,2025-04-26,Medium,Technical,Phone,32.2,1,Resolved
TCK-5081,2025-04-26,Low,Onboarding,Email,44.2,2,Resolved
TCK-5082,2025-04-27,Medium,Billing,Phone,29.9,,Escalated
TCK-5083,2025-04-28,Medium,Accounts,Email,46.7,5,Resolved
TCK-5084,2025-04-28,Low,Billing,Email,24.6,4,Resolved
TCK-5085,2025-04-29,Low,Accounts,Email,47.2,5,Resolved
TCK-5086,2025-04-30,Critical,Billing,Chat,8.1,4,Resolved
TCK-5087,2025-04-30,Medium,Technical,Chat,47.8,5,Resolved
TCK-5088,2025-05-01,High,Billing,Email,3.3,,Open
TCK-5089,2025-05-02,Low,Accounts,Phone,23.5,,Open
TCK-5090,2025-05-02,Low,Onboarding,Email,18.7,,Open
TCK-5091,2025-05-03,Low,Technical,Phone,9.5,1,Resolved
TCK-5092,2025-05-04,Medium,Billing,Phone,9.9,5,Resolved
TCK-5093,2025-05-05,Low,Accounts,Email,15.2,2,Resolved
TCK-5094,2025-05-05,Low,Accounts,Email,26.0,5,Resolved
TCK-5095,2025-05-06,Medium,Accounts,Chat,54.8,1,Resolved
TCK-5096,2025-05-07,Low,Billing,Chat,30.3,5,Resolved
TCK-5097,2025-05-07,High,Technical,Email,18.0,4,Resolved
TCK-5098,2025-05-08,Medium,Billing,Chat,52.1,2,Resolved
TCK-5099,2025-05-09,Low,Billing,Phone,15.5,,Open
TCK-5100,2025-05-10,High,Onboarding,Email,19.6,5,Resolved
TCK-5101,2025-05-10,Medium,Onboarding,Email,12.2,5,Resolved
TCK-5102,2025-05-11,High,Technical,Chat,20.0,,Escalated
TCK-5103,2025-05-12,Medium,Accounts,Phone,42.4,1,Resolved
TCK-5104,2025-05-12,Medium,Accounts,Email,18.2,,Escalated
TCK-5105,2025-05-13,Low,Billing,Chat,32.7,,Open
TCK-5106,2025-05-14,Low,Technical,Chat,25.3,4,Resolved
TCK-5107,2025-05-14,Medium,Billing,Phone,27.1,1,Resolved
TCK-5108,2025-05-15,Medium,Billing,Email,22.7,,Escalated
TCK-5109,2025-05-16,Medium,Technical,Phone,66.5,,Open
TCK-5110,2025-05-17,Medium,Onboarding,Phone,36.2,4,Resolved
TCK-5111,2025-05-17,Medium,Accounts,Phone,25.3,,Open
TCK-5112,2025-05-18,Medium,Technical,Email,14.3,,Open
TCK-5113,2025-05-19,Medium,Technical,Phone,15.0,5,Resolved
TCK-5114,2025-05-19,High,Onboarding,Email,17.6,1,Resolved
TCK-5115,2025-05-20,Critical,Onboarding,Phone,2.5,4,Resolved
TCK-5116,2025-05-21,Medium,Billing,Phone,60.9,,Escalated
TCK-5117,2025-05-21,Medium,Billing,Email,36.4,3,Resolved
TCK-5118,2025-05-22,Medium,Billing,Chat,12.7,5,Resolved
TCK-5119,2025-05-23,Medium,Technical,Email,53.5,,Open
TCK-5120,2025-05-24,Medium,Accounts,Chat,310.5,4,Resolved
TCK-5121,2025-05-24,Low,Accounts,Phone,22.3,,Open
TCK-5122,2025-05-25,Critical,Onboarding,Phone,2.7,3,Resolved
TCK-5123,2025-05-26,Medium,Onboarding,Email,10.6,,Escalated
TCK-5124,2025-05-26,Medium,Accounts,Phone,38.4,,Open
TCK-5125,2025-05-27,Medium,Billing,Email,31.1,5,Resolved
TCK-5126,2025-05-28,Low,Accounts,Email,20.4,3,Resolved
TCK-5127,2025-05-28,Medium,Accounts,Phone,10.7,3,Resolved
TCK-5128,2025-05-29,Low,Technical,Phone,18.9,,Open
TCK-5129,2025-05-30,Low,Technical,Email,42.7,3,Resolved
TCK-5130,2025-05-31,Low,Technical,Email,42.3,,Open
TCK-5131,2025-05-31,Medium,Onboarding,Email,16.5,,Escalated
TCK-5132,2025-06-01,Medium,Billing,Phone,13.8,,Open
TCK-5133,2025-06-02,Low,Billing,Phone,32.0,4,Resolved
TCK-5134,2025-06-02,Low,Technical,Phone,24.8,5,Resolved
TCK-5135,2025-06-03,Critical,Technical,Chat,5.6,5,Resolved
TCK-5136,2025-06-04,Low,Billing,Phone,21.2,,Escalated
TCK-5137,2025-06-04,Low,Technical,Email,40.8,4,Resolved
TCK-5138,2025-06-05,Medium,Technical,Chat,25.6,4,Resolved
TCK-5139,2025-06-06,Medium,Technical,Chat,63.1,,Escalated
TCK-5140,2025-06-07,Low,Accounts,Chat,25.4,4,Resolved
TCK-5141,2025-06-07,High,Technical,Email,15.1,2,Resolved
TCK-5142,2025-06-08,Critical,Accounts,Email,7.7,5,Resolved
TCK-5143,2025-06-09,Medium,Billing,Phone,29.5,5,Resolved
TCK-5144,2025-06-09,Low,Technical,Chat,23.4,4,Resolved
TCK-5145,2025-06-10,Medium,Billing,Email,47.7,5,Resolved
TCK-5146,2025-06-11,Critical,Technical,Phone,4.3,2,Resolved
TCK-5147,2025-06-11,Medium,Technical,Email,46.8,5,Resolved
TCK-5148,2025-06-12,High,Onboarding,Chat,11.2,4,Resolved
TCK-5149,2025-06-13,High,Onboarding,Chat,9.9,4,Resolved
TCK-5150,2025-06-14,Low,Technical,Chat,7.5,1,Resolved
TCK-5151,2025-06-14,Medium,Accounts,Chat,37.2,5,Resolved
TCK-5152,2025-06-15,Low,Technical,Chat,8.1,2,Resolved
TCK-5153,2025-06-16,High,Billing,Email,3.6,2,Resolved
TCK-5154,2025-06-16,Medium,Onboarding,Chat,14.6,,Escalated
TCK-5155,2025-06-17,Critical,Technical,Chat,9.3,5,Resolved
TCK-5156,2025-06-18,Medium,Accounts,Email,14.7,5,Resolved
TCK-5157,2025-06-18,High,Onboarding,Email,22.6,,Open
TCK-5158,2025-06-19,Medium,Onboarding,Email,35.6,4,Resolved
TCK-5159,2025-06-20,High,Billing,Email,24.3,5,Resolved
TCK-5160,2025-06-21,Low,Technical,Chat,14.3,,Open
TCK-5161,2025-06-21,Medium,Onboarding,Email,48.5,1,Resolved
TCK-5162,2025-06-22,Medium,Accounts,Email,11.3,4,Resolved
TCK-5163,2025-06-23,Critical,Accounts,Phone,3.4,3,Resolved
TCK-5164,2025-06-23,Critical,Accounts,Phone,3.0,,Open
TCK-5165,2025-06-24,Low,Billing,Email,7.5,4,Resolved
TCK-5166,2025-06-25,Medium,Onboarding,Phone,12.7,4,Resolved
TCK-5167,2025-06-25,High,Billing,Chat,16.6,5,Resolved
TCK-5168,2025-06-26,High,Technical,Email,24.0,5,Resolved
TCK-5169,2025-06-27,Low,Billing,Chat,19.8,1,Resolved
TCK-5170,2025-06-27,Medium,Onboarding,Email,19.3,2,Resolved
TCK-5171,2025-06-28,Medium,Onboarding,Email,25.2,5,Resolved
TCK-5172,2025-06-29,Low,Technical,Phone,17.7,4,Resolved
TCK-5173,2025-06-30,High,Onboarding,Chat,28.3,5,Resolved
TCK-5174,2025-06-30,High,Accounts,Chat,22.4,5,Resolved
TCK-5175,2025-07-01,Low,Billing,Chat,6.6,,Escalated
TCK-5176,2025-07-02,Medium,Technical,Chat,69.2,,Escalated
TCK-5177,2025-07-02,Low,Accounts,Email,39.0,4,Resolved
TCK-5178,2025-07-03,High,Billing,Email,20.7,5,Resolved
TCK-5179,2025-07-04,Low,Accounts,Email,44.0,,Open
TCK-5180,2025-07-04,Medium,Accounts,Phone,59.7,4,Resolved
TCK-5181,2025-07-05,Medium,Onboarding,Chat,33.8,1,Resolved
TCK-5182,2025-07-06,Low,Onboarding,Chat,15.4,,Escalated
TCK-5183,2025-07-07,Low,Accounts,Email,33.0,5,Resolved
TCK-5184,2025-07-07,Low,Technical,Email,4.4,4,Resolved
TCK-5185,2025-07-08,Low,Onboarding,Email,39.0,1,Resolved
TCK-5186,2025-07-09,Medium,Accounts,Phone,39.7,2,Resolved
TCK-5187,2025-07-09,Medium,Accounts,Phone,10.6,4,Resolved
TCK-5188,2025-07-10,High,Billing,Phone,22.1,5,Resolved
TCK-5189,2025-07-11,Medium,Accounts,Email,42.0,,Open
TCK-5190,2025-07-12,Medium,Technical,Chat,68.5,4,Resolved
TCK-5191,2025-07-12,Low,Accounts,Email,31.2,,Open
TCK-5192,2025-07-13,Medium,Billing,Chat,64.8,4,Resolved
TCK-5193,2025-07-14,High,Billing,Chat,22.2,2,Resolved
TCK-5194,2025-07-14,Medium,Accounts,Email,27.0,5,Resolved
TCK-5195,2025-07-15,High,Technical,Chat,4.6,2,Resolved
TCK-5196,2025-07-16,Medium,Onboarding,Email,39.0,3,Resolved
TCK-5197,2025-07-16,Critical,Technical,Phone,11.0,,Open
TCK-5198,2025-07-17,Low,Onboarding,Chat,23.1,5,Resolved
TCK-5199,2025-07-18,Medium,Billing,Phone,12.8,,Escalated
TCK-5200,2025-07-19,Low,Onboarding,Phone,13.1,,Open
TCK-5201,2025-07-19,Low,Accounts,Email,46.5,,Escalated
TCK-5202,2025-07-20,High,Onboarding,Phone,23.3,4,Resolved
TCK-5203,2025-07-21,Medium,Technical,Email,14.0,,Escalated
TCK-5204,2025-07-21,Low,Accounts,Phone,46.2,,Escalated
TCK-5205,2025-07-22,High,Billing,Chat,17.4,1,Resolved
TCK-5206,2025-07-23,Low,Technical,Phone,35.6,5,Resolved
TCK-5207,2025-07-23,Medium,Accounts,Phone,33.6,2,Resolved
TCK-5208,2025-07-24,High,Technical,Chat,12.7,,Escalated
TCK-5209,2025-07-25,Medium,Technical,Email,59.9,,Open
TCK-5210,2025-07-26,Critical,Technical,Email,11.1,,Open
TCK-5211,2025-07-26,Critical,Billing,Phone,10.0,3,Resolved
TCK-5212,2025-07-27,High,Technical,Chat,18.7,,Open
TCK-5213,2025-07-28,Low,Billing,Phone,31.4,1,Resolved
TCK-5214,2025-07-28,Medium,Accounts,Email,37.0,5,Resolved
TCK-5215,2025-07-29,Medium,Onboarding,Email,44.9,5,Resolved
TCK-5216,2025-07-30,Low,Technical,Email,40.2,5,Resolved
TCK-5217,2025-07-30,High,Billing,Phone,29.7,5,Resolved
TCK-5218,2025-07-31,Medium,Accounts,Chat,27.9,,Escalated
TCK-5219,2025-08-01,Low,Accounts,Phone,33.8,4,Resolved
TCK-5220,2025-08-02,Low,Onboarding,Phone,29.5,1,Resolved
TCK-5221,2025-08-02,Critical,Onboarding,Email,3.2,4,Resolved
TCK-5222,2025-08-03,Medium,Accounts,Phone,32.3,5,Resolved
TCK-5223,2025-08-04,Medium,Onboarding,Chat,51.4,5,Resolved
TCK-5224,2025-08-04,Critical,Technical,Chat,9.5,,Open
TCK-5225,2025-08-05,High,Technical,Phone,2.6,2,Resolved
TCK-5226,2025-08-06,Low,Onboarding,Phone,22.2,5,Resolved
TCK-5227,2025-08-06,Critical,Billing,Chat,1.7,2,Resolved
TCK-5228,2025-08-07,Low,Onboarding,Phone,9.8,5,Resolved
TCK-5229,2025-08-08,Critical,Onboarding,Email,7.2,4,Resolved
TCK-5230,2025-08-09,Medium,Technical,Phone,59.1,3,Resolved
TCK-5231,2025-08-09,High,Technical,Email,18.0,,Open
TCK-5232,2025-08-10,High,Accounts,Chat,23.3,,Open
TCK-5233,2025-08-11,Low,Accounts,Phone,34.2,1,Resolved
TCK-5234,2025-08-11,Critical,Onboarding,Phone,4.6,5,Resolved
TCK-5235,2025-08-12,High,Onboarding,Phone,17.8,4,Resolved
TCK-5236,2025-08-13,High,Onboarding,Email,11.1,,Open
TCK-5237,2025-08-13,Low,Accounts,Email,2.1,,Escalated
TCK-5238,2025-08-14,Medium,Onboarding,Phone,65.6,,Open
TCK-5239,2025-08-15,Medium,Technical,Email,71.7,2,Resolved
TCK-5240,2025-08-16,Low,Accounts,Chat,3.3,5,Resolved
TCK-5241,2025-08-16,Medium,Accounts,Email,63.9,4,Resolved
TCK-5242,2025-08-17,Medium,Technical,Phone,28.2,1,Resolved
TCK-5243,2025-08-18,Low,Technical,Email,16.8,,Open
TCK-5244,2025-08-18,Low,Technical,Phone,25.1,2,Resolved
TCK-5245,2025-08-19,Medium,Technical,Email,59.8,,Open
TCK-5246,2025-08-20,Low,Billing,Chat,33.4,5,Resolved
TCK-5247,2025-08-20,Low,Billing,Chat,45.6,4,Resolved
TCK-5248,2025-08-21,Medium,Accounts,Email,7.8,4,Resolved
TCK-5249,2025-08-22,Low,Billing,Phone,20.1,,Open
TCK-5250,2025-08-23,Medium,Technical,Phone,40.5,,Open
TCK-5251,2025-08-23,Medium,Technical,Phone,70.5,4,Resolved
TCK-5252,2025-08-24,Critical,Billing,Email,6.6,1,Resolved
TCK-5253,2025-08-25,Critical,Accounts,Email,10.3,,Open
TCK-5254,2025-08-25,Low,Technical,Email,35.4,,Escalated
TCK-5255,2025-08-26,Low,Accounts,Email,23.7,5,Resolved
TCK-5256,2025-08-27,Critical,Onboarding,Phone,1.2,1,Resolved
TCK-5257,2025-08-27,Critical,Accounts,Email,12.0,4,Resolved
TCK-5258,2025-08-28,Medium,Accounts,Email,39.5,3,Resolved
TCK-5259,2025-08-29,High,Technical,Chat,25.0,,Open
TCK-5260,2025-08-30,Medium,Accounts,Chat,7.8,,Open
TCK-5261,2025-08-30,Critical,Technical,Chat,4.2,4,Resolved
TCK-5262,2025-08-31,Medium,Technical,Phone,41.5,,Escalated
TCK-5263,2025-09-01,Medium,Accounts,Chat,8.5,2,Resolved
TCK-5264,2025-09-01,High,Accounts,Phone,22.4,,Open
TCK-5265,2025-09-02,Medium,Accounts,Email,7.7,,Open
TCK-5266,2025-09-03,Medium,Accounts,Email,53.0,2,Resolved
TCK-5267,2025-09-03,Low,Technical,Chat,40.1,5,Resolved
TCK-5268,2025-09-04,Critical,Billing,Email,7.8,,Escalated
TCK-5269,2025-09-05,Low,Technical,Phone,21.8,,Open
TCK-5270,2025-09-06,Low,Accounts,Phone,9.3,5,Resolved
TCK-5271,2025-09-06,Low,Billing,Chat,11.4,1,Resolved
TCK-5272,2025-09-07,Low,Technical,Phone,2.7,4,Resolved
TCK-5273,2025-09-08,Low,Onboarding,Email,47.0,4,Resolved
TCK-5274,2025-09-08,Low,Technical,Phone,42.0,5,Resolved
TCK-5275,2025-09-09,Medium,Billing,Email,21.5,4,Resolved
TCK-5276,2025-09-10,Medium,Technical,Chat,20.8,4,Resolved
TCK-5277,2025-09-10,Low,Technical,Phone,18.7,,Escalated
TCK-5278,2025-09-11,Medium,Billing,Chat,20.5,5,Resolved
TCK-5279,2025-09-12,Medium,Accounts,Email,23.3,,Escalated
TCK-5280,2025-09-13,High,Billing,Chat,7.5,5,Resolved
TCK-5281,2025-09-13,Low,Technical,Phone,39.0,1,Resolved
TCK-5282,2025-09-14,High,Onboarding,Email,18.3,5,Resolved
TCK-5283,2025-09-15,Critical,Accounts,Email,4.2,5,Resolved
TCK-5284,2025-09-15,Critical,Technical,Email,7.7,4,Resolved
TCK-5285,2025-09-16,Low,Accounts,Chat,5.7,3,Resolved
TCK-5286,2025-09-17,Medium,Onboarding,Phone,24.1,4,Resolved
TCK-5287,2025-09-17,Low,Technical,Chat,44.9,4,Resolved
TCK-5288,2025-09-18,Medium,Onboarding,Email,55.9,3,Resolved
TCK-5289,2025-09-19,Critical,Technical,Chat,6.5,,Escalated
TCK-5290,2025-09-20,Medium,Accounts,Phone,12.1,4,Resolved
TCK-5291,2025-09-20,Medium,Onboarding,Email,61.0,5,Resolved
TCK-5292,2025-09-21,High,Accounts,Phone,16.9,5,Resolved
TCK-5293,2025-09-22,Low,Billing,Email,25.5,3,Resolved
TCK-5294,2025-09-22,Low,Onboarding,Email,34.8,4,Resolved
TCK-5295,2025-09-23,Medium,Accounts,Email,34.7,4,Resolved
TCK-5296,2025-09-24,Medium,Onboarding,Chat,35.3,5,Resolved
TCK-5297,2025-09-24,Low,Billing,Phone,38.1,5,Resolved
TCK-5298,2025-09-25,Medium,Onboarding,Chat,26.0,,Escalated
TCK-5299,2025-09-26,Medium,Accounts,Chat,63.0,4,Resolved
TCK-5300,2025-09-27,Low,Technical,Chat,9.3,5,Resolved
TCK-5301,2025-09-27,Medium,Technical,Email,64.4,5,Resolved
TCK-5302,2025-09-28,Medium,Onboarding,Chat,50.3,,Open
TCK-5303,2025-09-29,Medium,Onboarding,Chat,71.1,4,Resolved
TCK-5304,2025-09-29,High,Accounts,Phone,13.7,3,Resolved
TCK-5305,2025-09-30,Low,Billing,Email,9.0,5,Resolved
TCK-5306,2025-10-01,Medium,Billing,Email,63.4,,Escalated
TCK-5307,2025-10-01,Critical,Onboarding,Email,2.2,3,Resolved
TCK-5308,2025-10-02,Medium,Billing,Email,30.6,4,Resolved
TCK-5309,2025-10-03,Medium,Billing,Chat,20.3,5,Resolved
TCK-5310,2025-10-04,Critical,Accounts,Chat,6.3,5,Resolved
TCK-5311,2025-10-04,Low,Technical,Chat,4.7,1,Resolved
TCK-5312,2025-10-05,Medium,Billing,Chat,50.8,4,Resolved
TCK-5313,2025-10-06,Low,Onboarding,Email,24.2,3,Resolved
TCK-5314,2025-10-06,High,Billing,Email,29.7,,Open
TCK-5315,2025-10-07,Low,Accounts,Chat,3.4,,Open
TCK-5316,2025-10-08,Low,Technical,Chat,33.3,,Escalated
TCK-5317,2025-10-08,High,Accounts,Phone,6.8,,Open
TCK-5318,2025-10-09,Low,Billing,Phone,37.9,3,Resolved
TCK-5319,2025-10-10,Low,Onboarding,Chat,30.7,1,Resolved
TCK-5320,2025-10-11,Critical,Billing,Chat,9.1,4,Resolved
TCK-5321,2025-10-11,Critical,Accounts,Chat,3.9,5,Resolved
TCK-5322,2025-10-12,Low,Technical,Chat,40.5,,Open
TCK-5323,2025-10-13,Low,Accounts,Phone,24.2,3,Resolved
TCK-5324,2025-10-13,Medium,Accounts,Phone,63.9,5,Resolved
TCK-5325,2025-10-14,Medium,Billing,Chat,32.9,,Open
TCK-5326,2025-10-15,Medium,Billing,Phone,21.2,5,Resolved
TCK-5327,2025-10-15,Medium,Accounts,Email,43.0,,Escalated
TCK-5328,2025-10-16,High,Onboarding,Phone,22.7,4,Resolved
TCK-5329,2025-10-17,Low,Accounts,Email,35.8,1,Resolved
TCK-5330,2025-10-17,Medium,Accounts,Phone,5.3,4,Resolved
TCK-5331,2025-10-18,Low,Technical,Email,28.2,3,Resolved
TCK-5332,2025-10-19,High,Accounts,Chat,9.3,,Open
TCK-5333,2025-10-20,Medium,Accounts,Chat,47.2,5,Resolved
TCK-5334,2025-10-20,High,Billing,Phone,16.4,,Open
TCK-5335,2025-10-21,Critical,Onboarding,Email,6.8,2,Resolved
TCK-5336,2025-10-22,Medium,Accounts,Email,14.3,5,Resolved
TCK-5337,2025-10-22,Low,Onboarding,Chat,43.5,3,Resolved
TCK-5338,2025-10-23,Medium,Accounts,Chat,34.5,1,Resolved
TCK-5339,2025-10-24,Medium,Onboarding,Chat,39.1,4,Resolved
TCK-5340,2025-10-24,Low,Billing,Chat,38.9,4,Resolved
TCK-5341,2025-10-25,Medium,Billing,Email,40.6,,Open
TCK-5342,2025-10-26,High,Billing,Chat,9.1,3,Resolved
TCK-5343,2025-10-27,Medium,Billing,Chat,47.6,3,Resolved
TCK-5344,2025-10-27,Low,Technical,Chat,17.3,,Open
TCK-5345,2025-10-28,Low,Accounts,Chat,4.7,5,Resolved
TCK-5346,2025-10-29,High,Technical,Phone,17.5,,Open
TCK-5347,2025-10-29,Low,Accounts,Email,27.4,5,Resolved
TCK-5348,2025-10-30,Critical,Onboarding,Chat,4.8,3,Resolved
TCK-5349,2025-10-31,Medium,Technical,Phone,20.5,5,Resolved
TCK-5350,2025-10-31,Low,Accounts,Email,7.4,5,Resolved
TCK-5351,2025-11-01,Medium,Technical,Email,48.8,5,Resolved
TCK-5352,2025-11-02,Critical,Technical,Chat,8.5,2,Resolved
TCK-5353,2025-11-03,Medium,Technical,Email,29.7,5,Resolved
TCK-5354,2025-11-03,Low,Onboarding,Phone,32.4,5,Resolved
TCK-5355,2025-11-04,Low,Accounts,Chat,44.5,2,Resolved
TCK-5356,2025-11-05,Critical,Billing,Email,11.2,5,Resolved
TCK-5357,2025-11-05,Medium,Accounts,Email,26.3,1,Resolved
TCK-5358,2025-11-06,High,Billing,Phone,1.3,,Open
TCK-5359,2025-11-07,Low,Accounts,Phone,45.0,3,Resolved
