date,source,device,landing_page,sessions,bounce_rate_pct,conversions,avg_session_secs
2025-01-01,Social,,Blog,656,,15,72.0
2025-01-01,Paid Ads,Tablet,Docs,508,61.4,15,292.0
2025-01-02,Organic Search,Tablet,Docs,752,48.4,34,137.0
2025-01-03,Organic Search,Mobile,Pricing,860,37.8,20,212.0
2025-01-04,Social,Mobile,Signup,294,75.5,5,59.0
2025-01-05,Email,Mobile,Pricing,129,23.6,11,87.0
2025-01-06,Paid Ads,Desktop,Home,641,44.1,41,156.0
2025-01-07,Direct,Tablet,Blog,358,37.0,19,66.0
2025-01-08,Social,Desktop,Home,516,64.2,9,212.0
2025-01-09,Organic Search,Desktop,Blog,1311,42.5,78,190.0
2025-01-10,Direct,Tablet,Docs,297,40.7,7,147.0
2025-01-10,Paid Ads,Desktop,Home,779,62.3,55,188.0
2025-01-11,Email,Desktop,Home,209,30.5,16,57.0
2025-01-12,Email,Mobile,Blog,181,83.2,20,97.0
2025-01-13,Organic Search,Desktop,Blog,1175,39.3,55,64.0
2025-01-14,Paid Ads,Mobile,Docs,825,34.7,46,267.0
2025-01-15,Direct,Tablet,Pricing,503,33.6,33,191.0
2025-01-16,Email,Tablet,Signup,289,63.2,33,192.0
2025-01-17,Social,Mobile,Pricing,343,43.5,9,82.0
2025-01-18,Organic Search,Desktop,Pricing,548,42.8,29,288.0
2025-01-19,Email,Desktop,Pricing,216,63.1,16,249.0
2025-01-19,Email,Desktop,Docs,133,51.2,14,248.0
2025-01-20,Organic Search,Tablet,Signup,1052,48.8,70,86.0
2025-01-21,Direct,Desktop,Pricing,366,70.6,25,285.0
2025-01-22,Email,Tablet,Blog,281,67.4,23,151.0
2025-01-23,Social,Desktop,Docs,409,53.7,14,47.0
2025-01-24,Email,Mobile,Pricing,376,64.9,40,290.0
2025-01-25,Paid Ads,Mobile,Home,350,40.4,12,114.0
2025-01-26,Email,Tablet,Docs,106,75.8,5,47.0
2025-01-27,Organic Search,Desktop,Signup,923,57.6,35,274.0
2025-01-28,Organic Search,Desktop,Signup,837,32.8,32,296.0
2025-01-28,Direct,Tablet,Pricing,321,50.9,23,316.0
2025-01-29,Paid Ads,Tablet,Blog,680,66.6,39,197.0
2025-01-30,Organic Search,Tablet,Home,1414,69.4,70,128.0
2025-01-31,Paid Ads,Mobile,Signup,550,57.2,48,98.0
2025-02-01,Direct,Mobile,Signup,315,60.2,14,221.0
2025-02-02,Direct,Tablet,Pricing,328,40.9,24,137.0
2025-02-03,Social,Mobile,Blog,632,79.0,8,241.0
2025-02-04,Direct,Tablet,Docs,319,46.1,8,170.0
2025-02-05,Paid Ads,Desktop,Blog,669,65.4,36,45.0
2025-02-06,Social,Desktop,Signup,478,64.1,12,291.0
2025-02-06,Email,Mobile,Pricing,390,,23,223.0
2025-02-07,Email,Mobile,Home,432,50.9,44,245.0
2025-02-08,Email,Tablet,Blog,159,52.3,21,240.0
2025-02-09,Paid Ads,Tablet,Home,378,69.2,23,299.0
2025-02-10,Email,Tablet,Blog,305,59.3,17,68.0
2025-02-11,Organic Search,Mobile,Blog,1350,38.5,42,112.0
2025-02-12,Social,Tablet,Blog,472,41.3,16,131.0
2025-02-13,Organic Search,Desktop,Pricing,873,40.0,41,225.0
2025-02-14,Organic Search,Mobile,Home,1301,30.5,47,307.0
2025-02-15,Direct,Tablet,Home,162,73.8,9,181.0
2025-02-15,Social,Tablet,Home,289,64.2,6,285.0
2025-02-16,Paid Ads,Desktop,Pricing,467,40.7,32,273.0
2025-02-17,Email,Desktop,Blog,202,34.2,21,313.0
2025-02-18,Organic Search,Mobile,Home,1215,48.8,68,216.0
2025-02-19,Paid Ads,Tablet,Signup,447,54.8,13,303.0
2025-02-20,Direct,Mobile,Blog,578,28.4,16,226.0
2025-02-21,Direct,Mobile,Home,274,66.1,9,76.0
2025-02-22,Paid Ads,Tablet,Pricing,439,48.7,35,266.0
2025-02-23,Direct,Tablet,Pricing,279,46.1,16,274.0
2025-02-24,Social,Desktop,Home,562,67.1,18,180.0
2025-02-24,Social,Mobile,Blog,325,62.8,9,254.0
2025-02-25,Organic Search,Desktop,Pricing,1315,63.9,54,194.0
2025-02-26,Paid Ads,Desktop,Pricing,542,67.8,34,245.0
2025-02-27,Paid Ads,Desktop,Pricing,410,49.5,13,299.0
2025-02-28,Social,Tablet,Blog,439,54.5,7,121.0
2025-03-01,Email,Mobile,Docs,232,53.6,21,218.0
2025-03-02,Organic Search,,Home,465,45.6,28,45.0
2025-03-03,Social,Tablet,Blog,577,69.9,18,305.0
2025-03-04,Paid Ads,Mobile,Signup,579,66.0,21,190.0
2025-03-05,Direct,Mobile,Pricing,485,37.9,35,206.0
2025-03-05,Email,Desktop,Blog,368,38.5,40,259.0
2025-03-06,Direct,Mobile,Home,290,39.0,20,113.0
2025-03-07,Organic Search,Mobile,Docs,692,53.2,34,290.0
2025-03-08,Paid Ads,Desktop,Pricing,378,58.7,17,231.0
2025-03-09,Direct,Tablet,Blog,339,36.3,10,248.0
2025-03-10,Email,Desktop,Docs,272,34.0,33,291.0
2025-03-11,Direct,Desktop,Pricing,539,47.0,16,68.0
2025-03-12,Organic Search,Tablet,Blog,1456,50.5,43,130.0
2025-03-13,Direct,Tablet,Signup,566,59.1,37,94.0
2025-03-14,Direct,Tablet,Home,529,70.9,20,255.0
2025-03-14,Paid Ads,Mobile,Signup,740,38.5,59,148.0
2025-03-15,Organic Search,Tablet,Docs,441,,25,257.0
2025-03-16,Direct,Desktop,Home,320,53.1,18,115.0
2025-03-17,Direct,Desktop,Blog,330,46.2,22,108.0
2025-03-18,Direct,Mobile,Docs,430,67.1,28,260.0
2025-03-19,Organic Search,Desktop,Blog,1313,86.8,80,86.0
2025-03-20,Paid Ads,Tablet,Blog,483,37.4,14,182.0
2025-03-21,Email,Desktop,Signup,208,56.1,26,291.0
2025-03-22,Organic Search,Mobile,Home,741,60.2,16,245.0
2025-03-23,Organic Search,Desktop,Pricing,637,46.3,39,112.0
2025-03-23,Paid Ads,Desktop,Home,211,34.6,7,320.0
2025-03-24,Paid Ads,Mobile,Signup,799,46.9,36,239.0
2025-03-25,Organic Search,Desktop,Home,1459,37.8,69,126.0
2025-03-26,Direct,Tablet,Signup,428,59.9,15,224.0
2025-03-27,Social,Tablet,Signup,601,35.6,21,275.0
2025-03-28,Paid Ads,Tablet,Blog,618,73.2,49,216.0
2025-03-29,Direct,Desktop,Docs,293,65.0,11,104.0
2025-03-30,Organic Search,Tablet,Docs,405,61.6,19,292.0
2025-03-31,Paid Ads,Desktop,Pricing,664,41.7,55,93.0
2025-04-01,Organic Search,Desktop,Docs,1162,32.4,51,269.0
2025-04-01,Direct,Desktop,Blog,544,58.6,38,265.0
2025-04-02,Paid Ads,Tablet,Blog,641,35.7,56,305.0
2025-04-03,Paid Ads,Tablet,Pricing,545,66.6,44,268.0
2025-04-04,Social,Tablet,Docs,595,88.2,9,42.0
2025-04-05,Paid Ads,Tablet,Pricing,459,42.0,25,295.0
2025-04-06,Paid Ads,Tablet,Docs,338,68.1,21,89.0
2025-04-07,Direct,Tablet,Docs,547,42.9,25,56.0
2025-04-08,Email,Desktop,Pricing,274,57.0,22,279.0
2025-04-09,Paid Ads,Desktop,Home,715,34.8,35,136.0
2025-04-10,Email,Tablet,Home,260,59.2,13,309.0
2025-04-10,Organic Search,Desktop,Home,1379,44.4,54,194.0
2025-04-11,Paid Ads,Desktop,Pricing,566,59.8,37,139.0
2025-04-12,Paid Ads,Desktop,Blog,367,58.5,31,250.0
2025-04-13,Organic Search,Tablet,Docs,536,26.1,16,188.0
2025-04-14,Social,Desktop,Signup,501,54.0,13,239.0
2025-04-15,Direct,Desktop,Docs,536,40.2,39,39.0
2025-04-16,Organic Search,Tablet,Home,1208,43.9,70,36.0
2025-04-17,Direct,Mobile,Docs,326,57.0,16,124.0
2025-04-18,Direct,Mobile,Blog,525,46.7,29,235.0
2025-04-19,Paid Ads,Desktop,Pricing,403,60.6,19,68.0
2025-04-19,Email,Desktop,Docs,124,63.9,9,236.0
2025-04-20,Direct,Desktop,Home,162,95,10,165.0
2025-04-21,Organic Search,Tablet,Signup,888,,20,203.0
2025-04-22,Social,Mobile,Pricing,345,37.6,11,266.0
2025-04-23,Email,Desktop,Docs,310,45.2,34,138.0
2025-04-24,Organic Search,Mobile,Signup,747,27.1,39,271.0
2025-04-25,Organic Search,Tablet,Home,914,67.1,48,274.0
2025-04-26,Direct,Mobile,Pricing,169,29.1,12,169.0
2025-04-27,Direct,Mobile,Pricing,210,30.1,15,260.0
2025-04-28,Social,Tablet,Signup,634,64.0,8,98.0
2025-04-28,Organic Search,Tablet,Docs,1259,52.9,57,228.0
2025-04-29,Direct,Mobile,Blog,491,43.3,22,228.0
2025-04-30,Email,Tablet,Home,394,38.0,29,221.0
2025-05-01,Direct,,Pricing,388,40.9,13,162.0
2025-05-02,Social,Desktop,Home,501,62.7,9,39.0
2025-05-03,Email,Tablet,Pricing,141,33.6,11,270.0
2025-05-04,Organic Search,Tablet,Docs,721,53.2,40,163.0
2025-05-05,Organic Search,Desktop,Signup,683,66.9,16,178.0
2025-05-06,Social,Desktop,Blog,373,51.9,11,169.0
2025-05-07,Organic Search,Mobile,Home,689,50.8,30,244.0
2025-05-07,Organic Search,Tablet,Blog,932,56.0,30,55.0
2025-05-08,Organic Search,Desktop,Signup,1549,53.7,75,278.0
2025-05-09,Email,Desktop,Home,256,72.5,21,101.0
2025-05-10,Organic Search,Desktop,Blog,766,28.8,28,125.0
2025-05-11,Email,Mobile,Signup,109,93.2,12,133.0
2025-05-12,Direct,Desktop,Pricing,565,61.5,19,151.0
2025-05-13,Social,Mobile,Signup,396,62.8,9,252.0
2025-05-14,Social,Desktop,Blog,680,39.5,13,269.0
2025-05-15,Organic Search,Mobile,Pricing,1470,49.5,90,46.0
2025-05-16,Direct,Desktop,Home,472,53.5,28,89.0
2025-05-16,Social,Mobile,Blog,627,45.2,21,179.0
2025-05-17,Direct,Mobile,Blog,239,40.2,16,195.0
2025-05-18,Organic Search,Desktop,Blog,869,45.0,29,115.0
2025-05-19,Organic Search,Tablet,Blog,1325,61.8,58,126.0
2025-05-20,Direct,Tablet,Pricing,593,66.5,32,232.0
2025-05-21,Email,Mobile,Signup,232,55.3,13,317.0
2025-05-22,Direct,Tablet,Docs,578,36.3,28,148.0
2025-05-23,Paid Ads,Desktop,Pricing,642,27.9,38,267.0
2025-05-24,Organic Search,Desktop,Pricing,400,82.1,26,163.0
2025-05-25,Email,Desktop,Pricing,105,44.9,9,281.0
2025-05-25,Social,Tablet,Home,192,57.2,2,203.0
2025-05-26,Direct,Tablet,Blog,317,50.4,23,51.0
2025-05-27,Social,Desktop,Signup,496,24.9,14,53.0
2025-05-28,Paid Ads,Mobile,Signup,432,,17,299.0
2025-05-29,Direct,Mobile,Home,581,75.5,23,81.0
2025-05-30,Social,Desktop,Blog,544,50.6,13,278.0
2025-05-31,Social,Mobile,Blog,273,67.8,9,212.0
2025-06-01,Social,Tablet,Pricing,239,46.7,4,189.0
2025-06-02,Paid Ads,Desktop,Pricing,547,61.4,30,63.0
2025-06-03,Email,Mobile,Blog,342,58.5,35,56.0
2025-06-03,Paid Ads,Desktop,Blog,531,36.0,43,82.0
2025-06-04,Email,Tablet,Docs,277,50.6,29,38.0
2025-06-05,Direct,Tablet,Signup,324,50.3,10,84.0
2025-06-06,Paid Ads,Mobile,Docs,604,70.5,27,176.0
2025-06-07,Email,Desktop,Signup,231,59.6,16,258.0
2025-06-08,Organic Search,Desktop,Signup,428,46.4,20,208.0
2025-06-09,Social,Tablet,Blog,651,28.8,21,104.0
2025-06-10,Paid Ads,Desktop,Pricing,726,51.2,44,200.0
2025-06-11,Direct,Desktop,Pricing,472,46.2,26,222.0
2025-06-12,Paid Ads,Desktop,Home,484,46.9,40,91.0
2025-06-12,Direct,Desktop,Home,439,53.1,11,130.0
2025-06-13,Paid Ads,Tablet,Blog,777,32.8,31,107.0
2025-06-14,Organic Search,Mobile,Signup,452,69.1,26,113.0
2025-06-15,Direct,Tablet,Docs,239,83.6,12,305.0
2025-06-16,Email,Mobile,Pricing,316,57.0,28,173.0
2025-06-17,Email,Mobile,Home,343,48.1,31,270.0
2025-06-18,Email,Mobile,Docs,412,58.9,46,296.0
2025-06-19,Paid Ads,Desktop,Home,849,53.0,68,39.0
2025-06-20,Organic Search,Desktop,Docs,1097,52.2,72,134.0
2025-06-21,Organic Search,Tablet,Signup,729,51.8,48,93.0
2025-06-21,Paid Ads,Desktop,Blog,238,54.8,10,309.0
2025-06-22,Organic Search,Desktop,Docs,865,39.8,40,197.0
2025-06-23,Organic Search,Desktop,Home,1178,51.6,30,250.0
2025-06-24,Direct,Mobile,Docs,438,82.3,24,199.0
2025-06-25,Direct,Tablet,Blog,478,16.5,23,281.0
2025-06-26,Organic Search,Tablet,Home,920,55.2,53,293.0
2025-06-27,Paid Ads,Desktop,Pricing,437,67.9,18,149.0
2025-06-28,Social,Tablet,Pricing,280,46.7,7,270.0
2025-06-29,Direct,Mobile,Docs,244,37.3,6,90.0
2025-06-30,Paid Ads,Mobile,Blog,439,44.3,29,153.0
2025-06-30,Email,,Home,418,64.5,54,201.0
2025-07-01,Social,Tablet,Docs,601,40.2,16,204.0
2025-07-02,Social,Mobile,Docs,543,61.7,13,166.0
2025-07-03,Social,Mobile,Pricing,325,59.4,4,149.0
2025-07-04,Organic Search,Tablet,Signup,1294,,83,308.0
2025-07-05,Paid Ads,Tablet,Signup,232,87.7,11,307.0
2025-07-06,Paid Ads,Tablet,Home,356,52.6,17,234.0
2025-07-07,Organic Search,Mobile,Signup,1060,54.3,34,281.0
2025-07-08,Social,Mobile,Signup,481,53.6,11,92.0
2025-07-09,Paid Ads,Desktop,Home,560,49.3,36,194.0
2025-07-09,Organic Search,Mobile,Pricing,972,52.4,32,253.0
2025-07-10,Organic Search,Desktop,Docs,1066,34.5,70,240.0
2025-07-11,Email,Desktop,Pricing,402,50.0,46,267.0
2025-07-12,Social,Mobile,Signup,353,41.4,4,124.0
2025-07-13,Social,Tablet,Pricing,382,73.3,4,318.0
2025-07-14,Email,Mobile,Blog,208,56.7,18,208.0
2025-07-15,Paid Ads,Desktop,Signup,654,47.9,48,298.0
2025-07-16,Paid Ads,Tablet,Pricing,521,53.3,20,141.0
2025-07-17,Email,Mobile,Docs,254,51.9,33,180.0
2025-07-18,Organic Search,Mobile,Docs,1516,64.2,48,122.0
2025-07-18,Paid Ads,Tablet,Blog,459,67.2,34,62.0
2025-07-19,Email,Desktop,Home,142,53.8,18,182.0
2025-07-20,Direct,Mobile,Home,247,40.6,10,224.0
2025-07-21,Paid Ads,Desktop,Signup,468,53.1,41,237.0
2025-07-22,Email,Mobile,Pricing,230,40.5,11,277.0
2025-07-23,Organic Search,Desktop,Home,1040,60.4,67,154.0
2025-07-24,Organic Search,Tablet,Pricing,778,56.1,51,178.0
2025-07-25,Organic Search,Mobile,Signup,1091,52.5,32,263.0
2025-07-26,Social,Mobile,Pricing,303,48.3,10,85.0
2025-07-27,Social,Tablet,Blog,219,41.5,4,201.0
2025-07-27,Social,Tablet,Home,344,60.7,8,169.0
2025-07-28,Email,Mobile,Pricing,378,69.7,44,141.0
2025-07-29,Social,Desktop,Home,563,25.2,16,182.0
2025-07-30,Social,Tablet,Docs,599,55.4,21,69.0
2025-07-31,Direct,Tablet,Home,423,38.8,13,97.0
2025-08-01,Direct,Mobile,Signup,468,69.6,30,140.0
2025-08-02,Social,Desktop,Home,244,63.6,8,88.0
2025-08-03,Organic Search,Tablet,Pricing,600,58.7,21,120.0
2025-08-04,Email,Desktop,Signup,428,40.8,26,190.0
2025-08-05,Direct,Tablet,Blog,465,66.5,14,179.0
2025-08-05,Email,Desktop,Pricing,250,27.1,14,247.0
2025-08-06,Social,Mobile,Docs,335,79.5,7,181.0
2025-08-07,Email,Mobile,Pricing,275,52.2,20,121.0
2025-08-08,Social,Tablet,Signup,469,40.1,7,37.0
2025-08-09,Email,Tablet,Home,177,57.3,16,217.0
2025-08-10,Email,Mobile,Pricing,123,,7,38.0
2025-08-11,Email,Desktop,Docs,253,50.8,21,200.0
2025-08-12,Social,Desktop,Signup,654,43.7,11,48.0
2025-08-13,Email,Tablet,Docs,226,61.7,15,271.0
2025-08-14,Social,Desktop,Docs,2898,53.7,77,153.0
2025-08-14,Direct,Desktop,Docs,313,45.8,14,208.0
2025-08-15,Paid Ads,Desktop,Pricing,587,70.8,39,260.0
2025-08-16,Direct,Desktop,Pricing,287,21.6,9,314.0
2025-08-17,Organic Search,Mobile,Signup,414,35.6,10,296.0
2025-08-18,Email,Desktop,Home,247,46.3,17,119.0
2025-08-19,Email,Tablet,Home,214,77.9,17,272.0
2025-08-20,Organic Search,Mobile,Home,991,43.9,43,224.0
2025-08-21,Organic Search,Mobile,Pricing,1125,43.0,42,232.0
2025-08-22,Direct,Mobile,Home,377,64.1,26,79.0
2025-08-23,Paid Ads,Tablet,Home,428,55.4,13,293.0
2025-08-23,Email,Desktop,Pricing,227,67.0,26,311.0
2025-08-24,Direct,Desktop,Docs,201,68.8,10,299.0
2025-08-25,Organic Search,Tablet,Pricing,1411,41.0,52,316.0
2025-08-26,Paid Ads,Tablet,Pricing,432,44.6,27,283.0
2025-08-27,Social,Mobile,Pricing,603,43.3,21,51.0
2025-08-28,Email,Desktop,Docs,294,44.3,37,91.0
2025-08-29,Social,Desktop,Blog,409,27.9,13,71.0
2025-08-30,Organic Search,,Docs,463,65.6,23,36.0
2025-08-31,Direct,Tablet,Blog,244,49.6,15,127.0
2025-09-01,Email,Tablet,Home,406,58.6,24,99.0
2025-09-01,Direct,Desktop,Signup,447,36.0,14,111.0
2025-09-02,Paid Ads,Tablet,Signup,549,74.4,33,141.0
2025-09-03,Email,Mobile,Pricing,258,22.2,20,190.0
2025-09-04,Paid Ads,Mobile,Blog,836,33.0,46,201.0
2025-09-05,Social,Mobile,Pricing,458,44.2,14,312.0
2025-09-06,Direct,Tablet,Signup,173,32.5,9,268.0
2025-09-07,Paid Ads,Tablet,Pricing,457,64.2,32,106.0
2025-09-08,Social,Tablet,Signup,425,37.4,8,128.0
2025-09-09,Social,Mobile,Home,402,69.8,10,45.0
2025-09-10,Social,Desktop,Home,368,38.5,10,49.0
2025-09-10,Direct,Tablet,Blog,517,76.0,31,133.0
2025-09-11,Direct,Mobile,Docs,270,60.9,8,38.0
2025-09-12,Direct,Mobile,Signup,420,61.6,11,219.0
2025-09-13,Social,Mobile,Home,203,53.1,6,223.0
2025-09-14,Social,Mobile,Blog,201,41.2,6,194.0
2025-09-15,Social,Mobile,Blog,520,55.1,17,53.0
2025-09-16,Organic Search,Tablet,Docs,1540,,45,259.0
2025-09-17,Direct,Mobile,Signup,417,35.6,25,161.0
2025-09-18,Organic Search,Desktop,Home,1378,50.2,43,223.0
2025-09-19,Email,Tablet,Signup,419,36.2,42,55.0
2025-09-19,Email,Tablet,Blog,318,70.0,15,157.0
2025-09-20,Organic Search,Tablet,Blog,537,30.8,33,49.0
2025-09-21,Social,Tablet,Signup,168,49.7,3,132.0
2025-09-22,Paid Ads,Tablet,Blog,448,54.8,18,237.0
2025-09-23,Social,Mobile,Pricing,592,52.8,19,157.0
2025-09-24,Organic Search,Desktop,Home,1121,70.7,46,217.0
2025-09-25,Email,Tablet,Home,323,55.2,36,56.0
2025-09-26,Paid Ads,Mobile,Signup,692,61.6,53,202.0
2025-09-27,Social,Mobile,Home,347,15,7,43.0
2025-09-28,Organic Search,Tablet,Home,469,43.7,17,319.0
2025-09-28,Social,Tablet,Signup,194,49.4,3,129.0
2025-09-29,Direct,Mobile,Blog,448,38.7,29,289.0
2025-09-30,Social,Mobile,Docs,337,54.6,10,91.0
2025-10-01,Paid Ads,Mobile,Docs,577,23.7,19,223.0
2025-10-02,Email,Desktop,Blog,304,54.9,18,208.0
2025-10-03,Organic Search,Mobile,Pricing,1234,53.2,69,65.0
2025-10-04,Paid Ads,Desktop,Docs,445,52.7,16,136.0
2025-10-05,Direct,Mobile,Pricing,207,69.5,12,82.0
2025-10-06,Social,Desktop,Docs,668,67.6,16,115.0
2025-10-07,Direct,Tablet,Blog,477,58.6,34,73.0
2025-10-07,Email,Tablet,Home,217,49.5,11,75.0
2025-10-08,Direct,Desktop,Home,411,45.8,22,281.0
2025-10-09,Social,Tablet,Signup,342,41.5,7,103.0
2025-10-10,Social,Tablet,Home,347,81.0,10,51.0
2025-10-11,Direct,Tablet,Blog,160,57.4,10,70.0
2025-10-12,Direct,Desktop,Docs,153,64.8,6,158.0
2025-10-13,Direct,Tablet,Pricing,373,66.8,21,100.0
2025-10-14,Organic Search,Tablet,Docs,1384,51.0,50,196.0
2025-10-15,Email,Tablet,Docs,212,43.7,24,307.0
2025-10-16,Paid Ads,Mobile,Home,521,50.4,41,58.0
2025-10-16,Paid Ads,Tablet,Blog,600,25.5,19,266.0
2025-10-17,Email,Tablet,Home,322,28.8,27,251.0
2025-10-18,Organic Search,Tablet,Pricing,535,54.1,21,182.0
2025-10-19,Direct,Tablet,Home,339,71.0,11,106.0
2025-10-20,Organic Search,Desktop,Pricing,1279,53.5,74,88.0
2025-10-21,Organic Search,Tablet,Home,1228,68.9,43,256.0
2025-10-22,Organic Search,Tablet,Signup,1055,55.8,24,304.0
2025-10-23,Social,Desktop,Home,652,,15,58.0
2025-10-24,Paid Ads,Desktop,Pricing,749,60.5,59,296.0
2025-10-25,Social,Mobile,Pricing,354,63.5,8,118.0
2025-10-25,Organic Search,Tablet,Pricing,675,46.7,21,60.0
2025-10-26,Social,Tablet,Home,261,59.2,9,55.0
2025-10-27,Organic Search,Tablet,Pricing,966,51.2,25,84.0
2025-10-28,Organic Search,Tablet,Pricing,798,48.6,42,194.0
2025-10-29,Paid Ads,,Signup,407,57.4,13,246.0
2025-10-30,Paid Ads,Mobile,Docs,662,15,24,127.0
2025-10-31,Email,Mobile,Docs,199,59.7,18,46.0
2025-11-01,Paid Ads,Desktop,Docs,332,50.1,27,271.0
2025-11-02,Paid Ads,Desktop,Home,283,45.4,12,36.0
2025-11-03,Paid Ads,Tablet,Pricing,404,37.0,25,273.0
2025-11-03,Paid Ads,Mobile,Pricing,725,54.1,59,44.0
2025-11-04,Social,Mobile,Home,489,76.9,10,178.0
2025-11-05,Social,Mobile,Pricing,509,44.6,18,86.0
2025-11-06,Direct,Mobile,Docs,497,43.2,24,160.0
2025-11-07,Paid Ads,Tablet,Home,432,15,25,119.0
2025-11-08,Direct,Tablet,Signup,182,38.7,4,96.0
2025-11-09,Social,Desktop,Pricing,227,31.1,5,268.0
2025-11-10,Direct,Desktop,Pricing,368,55.8,15,318.0
2025-11-11,Email,Desktop,Docs,241,53.7,32,148.0
2025-11-12,Organic Search,Tablet,Blog,1561,52.7,101,93.0
2025-11-12,Social,Desktop,Docs,556,39.2,14,264.0
2025-11-13,Social,Mobile,Signup,515,70.1,12,216.0
2025-11-14,Email,Tablet,Blog,387,43.0,28,134.0
2025-11-15,Paid Ads,Tablet,Signup,337,53.0,19,223.0
2025-11-16,Social,Tablet,Signup,220,37.0,5,275.0
2025-11-17,Social,Desktop,Home,400,50.8,8,94.0
2025-11-18,Social,Tablet,Pricing,679,40.4,23,131.0
2025-11-19,Email,Mobile,Signup,303,56.8,37,269.0
2025-11-20,Social,Desktop,Pricing,486,71.7,12,79.0
2025-11-21,Direct,Mobile,Blog,347,42.5,10,156.0
2025-11-21,Paid Ads,Desktop,Docs,790,49.5,38,293.0
2025-11-22,Email,Desktop,Pricing,132,55.3,11,179.0
2025-11-23,Organic Search,Mobile,Docs,713,33.8,22,65.0
2025-11-24,Organic Search,Tablet,Blog,1142,22.1,54,144.0
2025-11-25,Direct,Mobile,Home,441,55.3,22,290.0
2025-11-26,Paid Ads,Tablet,Blog,853,39.5,35,124.0
2025-11-27,Email,Mobile,Pricing,194,67.4,12,72.0
2025-11-28,Direct,Mobile,Blog,333,53.1,23,194.0
2025-11-29,Organic Search,Tablet,Docs,749,,17,172.0
2025-11-30,Social,Mobile,Signup,384,73.1,10,201.0
2025-11-30,Social,Desktop,Pricing,388,36.8,5,78.0
2025-12-01,Email,Mobile,Blog,227,46.4,11,281.0
2025-12-02,Email,Desktop,Signup,285,52.1,19,164.0
2025-12-03,Organic Search,Desktop,Pricing,794,58.1,21,88.0
2025-12-04,Organic Search,Tablet,Blog,1187,47.4,27,94.0
2025-12-05,Paid Ads,Tablet,Home,517,62.9,35,191.0
2025-12-06,Social,Mobile,Home,234,42.2,3,272.0
2025-12-07,Email,Desktop,Docs,109,42.9,7,228.0
2025-12-08,Email,Tablet,Home,197,50.2,12,312.0
2025-12-09,Paid Ads,Tablet,Blog,842,53.6,53,182.0
2025-12-09,Paid Ads,Tablet,Docs,470,58.2,34,247.0
2025-12-10,Paid Ads,Mobile,Signup,794,38.6,33,305.0
2025-12-11,Email,Tablet,Signup,197,64.6,10,121.0
2025-12-12,Email,Desktop,Home,406,48.4,35,310.0
2025-12-13,Paid Ads,Tablet,Home,397,65.7,27,141.0
2025-12-14,Social,Tablet,Signup,274,57.7,5,182.0
2025-12-15,Social,Mobile,Pricing,615,54.7,22,182.0
2025-12-16,Email,Tablet,Blog,219,32.4,14,83.0
2025-12-17,Social,Mobile,Pricing,569,59.3,17,172.0
2025-12-18,Direct,Tablet,Pricing,428,50.0,15,214.0
2025-12-18,Direct,Tablet,Docs,498,42.3,27,78.0
2025-12-19,Organic Search,Tablet,Home,1008,66.1,34,242.0
2025-12-20,Email,Tablet,Docs,151,74.0,11,157.0
2025-12-21,Organic Search,Mobile,Signup,475,50.7,15,299.0
2025-12-22,Direct,Tablet,Blog,538,48.7,17,180.0
2025-12-23,Direct,Desktop,Signup,415,40.7,17,247.0
2025-12-24,Organic Search,Desktop,Pricing,939,45.7,33,279.0
2025-12-25,Email,Mobile,Home,205,73.0,19,80.0
2025-12-26,Paid Ads,Mobile,Signup,531,41.3,25,224.0
